Company,Ticker
AGILENT TECHNOLOGIES IN,A
ALCOA INC,AA
AARONS INC,AAN
AAON INC,AAON
ADVANCE AUTO PARTS INC,AAP
APPLE INC,AAPL
AMERICAN ASSETS TRST IN,AAT
ADVANCED ANALOGIC TECH,AATI
ATLAS AIR WORLDWIDE HLD,AAWW
ABAXIS INC,ABAX
ABINGTON BANCORP INC,ABBC
AMERISOURCEBERGEN CORP,ABC
AMERIS BANCORP,ABCB
CAMBIUM LEARNING GRP IN,ABCD
ADVISORY BOARD CO,ABCO
ACCO BRANDS CORP,ABD
ARKANSAS BEST CORP,ABFS
ASBURY AUTOMOTIVE GROUP,ABG
ABM INDUSTRIES INC,ABM
ABIOMED INC,ABMD
ABBOTT LABORATORIES,ABT
ABOVENET INC,ABVT
AMERICAN CAPITAL LTD,ACAS
ARCTIC CAT INC,ACAT
AMERICAN CAMPUS COMMUN,ACC
ACCELRYS INC,ACCL
ACE LTD,ACE
ACETO CORP,ACET
ARCH CAP GROUP LTD,ACGL
ACHILLION PHARM,ACHN
ARCH COAL INC,ACI
ACI WORLDWIDE INC,ACIW
AXCELIS TECHNOLOGIES IN,ACLS
AECOM TECHNOLOGY CORP D,ACM
ACCENTURE PLC IRELAND,ACN
AMERICAN FINANCIAL GROU,AFG
AFLAC INC,AFL
UNITED CAPITAL CORP,AFP
AMTRUST FINL SVCS,AFSI
AGCO CORP,AGCO
ARGO GROUP INTL,AGII
AGL RESOURCES INC,AGL
FEDERAL AGRIC MTG CO,AGM
ALLERGAN INC,AGN
AMERICAN CAPITAL AGENCY,AGNC
ASSURED GUARANTY LTD,AGO
AMERIGROUP CORP,AGP
ARGAN INC,AGX
AGILYSYS INC,AGYS
ACCRETIVE HEALTH INC,AH
A H BELO CORP,AHC
ASPEN INSURANCE HOLDING,AHL
AMN HEALTHCARE SERVICES,AHS
ASHFORD HOSPITALITY,AHT
ARLINGTON ASSET INVT,AI
AMERICAN INTL GROUP,AIG
ALTRA HOLDINGS INC,AIMC
ALBANY INTERNATIONAL,AIN
APOLLO INVESTMENT CORP,AINV
ALLIANCE HEALTHCARE SVC,AIQ
AAR CORP,AIR
AIR METHODS CORP,AIRM
ANTARES PHARMA INC,AIS
APPLIED INDUSTRIAL TECH,AIT
APARTMENT INVT & MGMT,AIV
ASSURANT INC,AIZ
GALLAGHER ARTHUR J & CO,AJG
AKAMAI TECHNOLOGIES,AKAM
ACADIA REALTY TRUST,AKR
AKORN INC,AKRX
AK STEEL HOLDING CORP,AKS
AIR LEASE CORP,AL
ALBEMARLE CORP,ALB
ASSISTED LIVING CONCPT,ALC
ALICO INC,ALCO
ALLETE INC,ALE
AMERICAN SOFTWARE INC,AMSWA
AMERICAN TOWER CORP,AMT
TD AMERITRADE HOLDING,AMTD
AMERICAN WOODMARK CORP,AMWD
AMAZON COM INC,AMZN
AUTONATION INC,AN
ANACOR PHARM INC,ANAC
ANADIGICS INC,ANAD
AMERICAN NATIONAL INS C,ANAT
ANDERSONS INC,ANDE
ANAREN INC,ANEN
ABERCROMBIE & FITCH,ANF
ANGIODYNAMICS INC,ANGO
ANWORTH MORTGAGE ASSET,ANH
ANN INC,ANN
ALPHA NATURAL RESOURCES,ANR
ANSYS INC,ANSS
ANTHERA PHARMACEUTICALS,ANTH
ALLIED NEVADA GOLD CORP,ANV
ALLIANCE ONE INTL INC,AOI
AOL INC,AOL
AON CORP,AON
A123 SYSTEMS INC,AONE
SMITH A O CORP,AOS
ALPHA & OMEGA SEMICON,AOSL
AMPCO-PITTSBURGH CORP,AP
APACHE CORP,APA
APAC CUSTOMER SERVICES,APAC
APCO OIL & GAS INTL INC,APAGF
ANADARKO PETROLEUM CORP,APC
AIR PRODS & CHEMS INC,APD
AMER PUBLIC EDUCATION,APEI
AMPHENOL CORP,APH
ACME PACKET INC,APKT
APOGEE ENTERPRISES INC,APOG
APOLLO GROUP INC,APOL
ACCURAY INC,ARAY
ARBITRON INC,ARB
ARIBA INC,ARBA
AMERICAN REPROGRAPHICS,ARC
ARES CAP CORP,ARCC
ATLANTIC TELE-NETWORK,ATNI
ATMOS ENERGY CORP,ATO
ATP OIL & GAS CORP,ATPG
APTARGROUP INC,ATR
ATRICURE INC,ATRC
ATRION CORP,ATRI
ASTRONICS CORP,ATRO
AIR TRANSPORT SERVICES,ATSG
ACTUANT CORP,ATU
ACTIVISION BLIZZARD INC,ATVI
ATWOOD OCEANICS INC,ATW
CROSS A T CO,ATX
GOLDEN MINERALS CO,AUMN
AUXILIUM PHARMACEUTICAL,AUXL
AVISTA CORP,AVA
AEROVIRONMENT INC,AVAV
AVALONBAY CMNTYS INC,AVB
AMERICAN VANGUARD CORP,AVD
AVEO PHARMACEUTICALS IN,AVEO
AVAGO TECHNOLOGIES LTD,AVGO
AVID TECHNOLOGY INC,AVID
AVI BIOPHARMA INC,AVII
AVANIR PHARMACEUTICALS,AVNR
AVIAT NETWORKS INC,AVNW
AVON PRODUCTS INC,AVP
AVNET INC,AVT
AVATAR HOLDINGS INC,AVTR
AVX CORP,AVX
AVERY DENNISON CORP,AVY
ALLIED WRLD ASSUR COM,AWH
ARMSTRONG WORLD INDS IN,AWI
AMERICAN WTR WKS CO INC,AWK
AMERICAN STATES WATER C,AWR
ABRAXAS PETE CORP,AXAS
ANIXTER INTERNATIONAL,AXE
AMERICAN AXLE & MFG,AXL
AMERICAN EXPRESS CO,AXP
AXIS CAPITAL HOLDINGS,AXS
AXT INC,AXTI
ACUITY BRANDS INC,AYI
AIRCASTLE LTD,AYR
BEACON ROOFING SUPPLY,BECN
STRATEGIC HOTEL & RESOR,BEE
BEL FUSE INC,BELFB
FRANKLIN RESOURCES INC,BEN
BRIGHAM EXPLORATION,BEXP
BROWN FORMAN CORP,BF.B
BANKFINANCIAL CORP,BFIN
SAUL CENTERS INC,BFS
BUNGE LIMITED,BG
GENERAL CABLE CORP,BGC
BGC PARTNERS INC,BGCP
BIG 5 SPORTING GOODS,BGFV
BRIGGS & STRATTON CO,BGG
BG MEDICINE INC,BGMD
B & G FOODS INC,BGS
BIGLARI HOLDINGS INC,BH
BENCHMARK ELECTRONICS,BHE
BAKER HUGHES INC,BHI
BERKSHIRE HILLS BANCORP,BHLB
SOTHEBYS,BID
BIG LOTS INC,BIG
BIOGEN IDEC INC,BIIB
BIO-RAD LABORATORIES IN,BIO
BIOSCRIP INC,BIOS
ACTUATE CORP,BIRT
BJS WHOLESALE CLUB INC,BJ
BJS RESTAURANTS INC,BJRI
BANK OF NEW YORK MELLON,BK
BLACKROCK KELSO CAP COR,BKCC
BROOKDALE SENIOR LIVING,BKD
BUCKLE INC,BKE
BLACK HILLS CORP,BKH
BUCKEYE TECHNOLOGIES IN,BKI
BANK MUTUAL CORP,BKMU
BAKER MICHAEL CORP,BKR
BARNES & NOBLE INC,BKS
BANKUNITED INC,BKU
BANK KY FINL CORP,BKYF
BELO CORP,BLC
BUILDERS FIRSTSOURCE IN,BLDR
BLACKROCK INC,BLK
BROWN & BROWN INC,BRO
BRISTOW GROUP INC,BRS
BERRY PETROLEUM CO,BRY
BROADSOFT INC,BSFT
SIERRA BANCORP,BSRR
BIOSPECIFICS TECHNO COR,BSTC
BOSTON SCIENTIFIC CO,BSX
BLYTH INC,BTH
PEABODY ENERGY CORP,BTU
BIOTIME INC,BTX
BUCYRUS INTERNATIONAL,BUCY
FIRST BUSEY CORP,BUSE
BORG WARNER INC,BWA
BABCOCK & WILCOX COMPAN,BWC
BROADWIND ENERGY INC,BWEN
BALDWIN & LYONS INC,BWINB
BUFFALO WILD WINGS INC,BWLD
BROWN SHOE INC,BWS
BOSTON PROPERTIES INC,BXP
BANCORPSOUTH INC,BXS
BOYD GAMING CORP,BYD
BALLY TECHNOLOGIES INC,BYI
BOISE INC,BZ
BEAZER HOMES USA INC,BZH
CITIGROUP INC,C
CA INC,CA
CABELAS INC,CAB
CAMDEN NATIONAL CORP,CAC
CASCADE BANCORP,CACB
CREDIT ACCEP CORP MICH,CACC
CACI INTERNATIONAL INC,CACI
CADENCE PHARMACEUTICALS,CADX
CONAGRA FOODS INC,CAG
CARDINAL HEALTH INC,CAH
CAMAC ENERGY INC,CAK
CHEESECAKE FACTORY INC,CAKE
CALLIDUS SOFTWARE INC,CALD
CAL MAINE FOODS INC,CALM
CALIPER LIFE SCIENCES,CALP
CALIX INC,CALX
CAMERON INTL CORP,CAM
CROWN HOLDINGS INC,CCK
CARNIVAL CORP,CCL
CABOT MICROELECTRONICS,CCMP
CNB FINL CORP PA,CCNE
CLEAR CHANNEL OUTDOOR,CCO
COGENT COMMUNICATIONS,CCOI
CROSS COUNTRY HEALTHCAR,CCRN
COEUR D ALENE MINES COR,CDE
CDI CORP,CDI
CADENCE DESIGN SYSTEMS,CDNS
CEDAR SHOPPING CTRS INC,CDR
CODEXIS INC,CDXS
CADIZ INC,CDZI
CELANESE CORP,CE
CEC ENTMT INC,CEC
CAREER EDUCATION CORP,CECO
CENTRAL EUROPEAN DISTRI,CEDC
CONSTELLATION ENERGY GR,CEG
CELGENE CORP,CELG
BRIGHTPOINT INC,CELL
CENTRAL GARDEN & PET CO,CENTA
CENTURY ALUMINUM CO,CENX
CEPHALON INC,CEPH
CERNER CORP,CERN
CERUS CORP,CERS
CENTRAL EUROPEAN MEDIA,CETV
CEVA INC,CEVA
CF INDUSTRIES HOLDINGS,CF
CAPITOL FEDERAL FINL IN,CFFN
CAREFUSION CORP,CFN
CALIFORNIA FIRST NATL,CFNB
CARDINAL FINANCIAL CORP,CFNL
CULLEN FROST BANKERS,CFR
COLFAX CORP,CFX
CELADON GROUP INC,CGI
COGNEX CORP,CGNX
CONSOLIDATED GRAPHIC,CGX
CITY HOLDING CO,CHCO
CHURCH & DWIGHT INC,CHD
CHURCHILL DOWNS INC,CHDN
CHINDEX INTERNATIONAL,CHDX
COLONY FINANCIAL INC,CLNY
COLONIAL PROPERTIES TR,CLP
CONTINENTAL RESOURCES I,CLR
TOWN SPORTS INTL,CLUB
CLEARWATER PAPER CORP,CLW
CLEARWIRE CORP,CLWR
CLOROX CO,CLX
COMERICA INC,CMA
COMMERCIAL METALS CO,CMC
COLUMBUS MCKINNON CORP,CMCO
COMCAST CORP,CMCSA
CME GROUP INC,CME
CHIPOTLE MEXICAN GRILL,CMG
CUMMINS INC,CMI
CUMULUS MEDIA INC,CMLS
CANTEL MEDICAL CORP,CMN
CAPSTEAD MORTGAGE CORP,CMO
COMPASS MINERALS INTL,CMP
CASUAL MALE RETAIL GROU,CMRG
CMS ENERGY CORP,CMS
COMTECH TELECOMM,CMTL
CNA FINANCIAL CORP,CNA
CENTER BANCORP INC,CNBC
CENTURY BANCORP INC,CNBKA
CENTENE CORP,CNC
CNH GLOBAL N V,CNH
CINEMARK HOLDINGS INC,CNK
CLECO CORP,CNL
CONMED CORP,CNMD
CNO FINANCIAL GROUP,CNO
CENTERPOINT ENERGY INC,CNP
CONCUR TECHNOLOGIES INC,CNQR
COHEN & STEERS INC,CNS
CONSOLIDATED COMM,CNSL
CONTINUCARE CORP,CNU
CONVIO INC,CNVO
CON-WAY INC,CNW
CONSOL ENERGY INC,CNX
COBIZ FINANCIAL INC,COBZ
CORINTHIAN COLLEGES INC,COCO
SPANSION INC,CODE
CRAWFORD & CO,CRD.B
CERADYNE INC,CRDN
CREE INC,CREE
CARTER INC,CRI
CURIS INC,CRIS
COMSTOCK RESOURCES INC,CRK
CHARLES RIVER LABS INTL,CRL
SALESFORCE COM INC,CRM
AMERICAS CAR-MART INC,CRMT
CROCS INC,CROX
CARBO CERAMICS INC,CRR
COURIER CORP,CRRC
CARPENTER TECHNOLOGY,CRS
CORNERSTONE THERAPEUTIC,CRTX
CIRRUS LOGIC INC,CRUS
CORVEL CORP,CRVL
CROWN MEDIA HOLDINGS IN,CRWN
CRYOLIFE INC,CRY
CARRIZO OIL & GAS INC,CRZO
COGDELL SPENCER INC,CSA
CLIFTON SVGS BANCORP IN,CSBK
COMPUTER SCIENCES CORP,CSC
CISCO SYSTEMS INC,CSCO
CAPITALSOURCE INC,CSE
CENTERSTATE BANKS INC,CSFL
COSTAR GROUP INC,CSGP
CSG SYSTEMS INTL INC,CSGS
CASH AMERICA INTL INC,CSH
CARDIOVASCULAR SYS INC,CSII
CARLISLE COS INC,CSL
CORNERSTONE ONDEMAND IN,CSOD
CSS INDUSTRIES INC,CSS
COINSTAR INC,CSTR
CAPITAL SENIOR LIVING,CSU
CAPITAL SOUTHWEST CORP,CSWC
CSX CORP,CSX
CINTAS CORP,CTAS
COOPER TIRE & RUBBER CO,CTB
COMMUNITY TRUST BANCORP,CTBI
CONSTANT CONTACT INC,CTCT
COMPUTER TASK GROUP INC,CTGX
CITY NATIONAL CORP,CYN
CYNOSURE INC,CYNO
CYPRESS SHARPRIDGE INV,CYS
CYTEC INDUSTRIES INC,CYT
CYTORI THERAPEUTICS INC,CYTX
CITIZENS & NORTHERN COR,CZNC
DOMINION RESOURCES INC,D
DAKTRONICS INC,DAKT
DELTA AIR LINES INC DEL,DAL
DANA HOLDING CORP,DAN
DARLING INTERNATIONAL,DAR
DIEBOLD INC,DBD
DONALDSON INC,DCI
DUCOMMUN INC,DCO
DIME CMNTY BANCSHARES,DCOM
DCT INDUSTRIAL TRUST IN,DCT
DELCATH SYS INC,DCTH
DU PONT E I DE NEMOURS,DD
3D SYSTEMS CORP,DDD
DDI CORP,DDIC
DEVELOPERS DIVERSIFIED,DDR
DILLARDS INC,DDS
DEERE & CO,DE
DECKERS OUTDOOR CORP,DECK
DOUGLAS EMMETT INC,DEI
DELTIC TIMBER CORP,DEL
DELL INC,DELL
DENNYS CORP,DENN
DEPOMED INC,DEPO
DESTINATION MATERNITY,DEST
DEAN FOODS COMPANY,DF
DELPHI FINANCIAL GRP IN,DFG
CIFC DEERFIELD CORP,DFR
DISCOVER FINANCIAL SRVC,DFS
DUPONT FABROS TECHNOLOG,DFT
BARRY R G CORP OHIO,DFZ
DOLLAR GENERAL CORP,DG
DIGITALGLOBE INC,DGI
DONEGAL GROUP INC,DGICA
DIGI INTL INC,DGII
DG FASTCHANNEL INC,DGIT
DIAMONDROCK HOSPITALITY,DRH
DARDEN RESTAURANTS INC,DRI
DIGITAL RIVER INC,DRIV
DORAL FINANCIAL CORP,DRL
DRIL-QUIP INC,DRQ
DURECT CORP,DRRX
DSP GROUP INC,DSPG
DST SYSTEMS INC,DST
DSW INC,DSW
DTE ENERGY CO,DTE
DOLLAR THRIFTY AUTO,DTG
DTS INC,DTSI
DIRECTV GROUP INC,DTV
DUFF & PHELPS CORP,DUF
DUKE ENERGY CORP,DUK
DUSA PHARMACEUTICALS IN,DUSA
DEVRY INC,DV
DAVITA INC,DVA
DYNAVAX TECHNOLOGIES,DVAX
DEVON ENERGY CORP,DVN
DYNAVOX INC,DVOX
CAL DIVE INTL INC,DVR
DREW INDUSTRIES INC,DW
DREAMWORKS ANIMATION SK,DWA
DAWSON GEOPHYSICAL CO,DWSN
DYNEX CAPITAL INC,DX
DEXCOM INC,DXCM
DXP ENTERPRISES INC NEW,DXPE
DYCOM INDUSTRIES INC,DY
DYAX CORP,DYAX
DYNEGY INC,DYN
BRINKER INTERNATIONAL,EAT
EBAY INC,EBAY
ENNIS INC,EBF
EBIX INC,EBIX
EMERGENT BIOSOLUTIONS,EBS
MERIDIAN INTERSTATE,EBSB
ENTERPRISE BANCORP INC,EBTC
ENCORE BANCSHARES INC,EBTX
ECHO GLOBAL LOGISTICS,ECHO
ECOLAB INC,ECL
EMERSON ELECTRIC CO,EMR
ENDEAVOUR INTERNATIONAL,END
ENDO PHARMACEUTICALS,ENDP
ENDURANCE SPECIALTY HLD,ENH
ENERNOC INC,ENOC
ENERGIZER HOLDINGS INC,ENR
ENERSYS INC,ENS
ENSIGN GROUP INC,ENSG
ENTEGRIS INC,ENTG
ENTROPIC COMMUNICATIONS,ENTR
ENVESTNET INC,ENV
ENZO BIOCHEM INC,ENZ
ENZON PHARMACEUTICALS,ENZN
EOG RESOURCES INC,EOG
EL PASO CORP,EP
AMBASSADORS GROUP INC,EPAX
BOTTOMLINE TECHNOLOGIES,EPAY
EPOCH HOLDING CORP,EPHC
EPIQ SYSTEMS INC,EPIQ
ENERGY PARTNERS LTD,EPL
EVOLUTION PETROLEUM COR,EPM
EPOCRATES INC,EPOC
ENTERTAINMENT PPTYS TR,EPR
EQUINIX INC,EQIX
EQUITY RESIDENTIAL,EQR
EQT CORPORATION,EQT
EQUITY ONE INC,EQY
ERIE INDEMNITY CO,ERIE
ENERGY RECOVERY INC,ERII
ERESEARCHTECHNOLOGY INC,ERT
ELECTRONIC ARTS INC,ERTS
ENERGYSOLUTIONS INC,ES
ESB FINANCIAL CORP,ESBF
EMERITUS CORP,ESC
ESCO TECHNOLOGIES INC,ESE
ENSTAR GROUP LIMITED,ESGR
ITT EDUCATIONAL SVCS IN,ESI
ELECTRO SCIENTIFIC INDS,ESIO
ESTERLINE TECHNOLOGIES,ESL
EXPRESS SCRIPTS INC,ESRX
ESSEX PROPERTY TRUST IN,ESS
FIRST BANCORP NC,FBNC
FRANKLIN COVEY CO,FC
FIRST CMNTY BANCSHAR,FCBC
FOREST CITY ENTRPRS,FCE.A
FUELCELL ENERGY INC,FCEL
FIRST COMMONWLTH FINL,FCF
FIRST CASH FINANCIAL,FCFS
FELCOR LODGING TRUST IN,FCH
FTI CONSULTING INC,FCN
FIRST CITIZENS BANCSHRS,FCNCA
FAIRCHILD SEMICONDUCTOR,FCS
FREEPORT-MCMORAN C&G,FCX
FIRST DEFIANCE FINANCIA,FDEF
FEDERAL MOGUL CORP,FDML
FAMILY DOLLAR STORES,FDO
FRESH DEL MONTE PRODUCE,FDP
FACTSET RESEARCH SYSTEM,FDS
FEDEX CORP,FDX
FIRSTENERGY CORP,FE
FEI CO,FEIC
FRANKLIN ELECTRIC CO,FELE
FUTUREFUEL CORPORATION,FF
FIRST FINANCIAL BANCORP,FFBC
FIRST FINANCIAL HOLDING,FFCH
FBL FINANCIAL GROUP INC,FFG
FLUSHING FINANCIAL CORP,FFIC
FIRST FINL BANKSHARES,FFIN
F5 NETWORKS INC,FFIV
FRIENDFINDER NETWORKS,FFN
FEMALE HEALTH CO,FHCO
FIRST HORIZON NATL CORP,FHN
FIRST INTST BANCSYSTEM,FIBK
FAIR ISAAC CORP,FICO
FEDERATED INVESTORS INC,FII
FINISH LINE INC,FINL
SOURCEFIRE INC,FIRE
FIDELITY NATL INFO SVCS,FIS
FINANCIAL INSTNS INC,FISI
FISERV INC,FISV
FIFTH THIRD BANCORP,FITB
COMFORT SYSTEMS USA INC,FIX
FORCE PROTECTION INC,FRPT
FEDERAL REALTY INVT,FRT
FOREST LABS INC,FRX
FIFTH STREET FINANCE,FSC
FISHER COMMUNICATIONS,FSCI
FSI INTL INC,FSII
FREESCALE SEMICONDUCTOR,FSL
FIRST SOLAR INC,FSLR
FRANKLIN STREET PPTYS C,FSP
FLAGSTONE REINSURANCE,FSR
FEDERAL SIGNAL CORP,FSS
FOREST OIL CORP,FST
FOSTER L B CO,FSTR
FUEL SYSTEMS SOLUTIONS,FSYS
FUEL TECH INC,FTEK
FMC TECHNOLOGIES INC,FTI
FLOTEK INDS INC DEL,FTK
FORTINET INC,FTNT
FRONTIER OIL CORP,FTO
FRONTIER COMMUNICATIONS,FTR
1ST UNITED BANCORP INC,FUBC
FULLER H B CO,FUL
FULTON FINANCIAL CORP,FULT
WINTHROP REALTY TRUST,FUR
FURIEX PHARMACEUTICALS,FURX
FIVE STAR QUALITY CARE,FVE
FORWARD AIR CORP,FWRD
FOX CHASE BANCORP,FXCB
FXCM INC,FXCM
FX ENERGY INC,FXEN
GENPACT LTD,G
GERMAN AMERICAN BANCORP,GABC
GLADSTONE INVESTMENT,GAIN
NICOR INC,GAS
GREATBATCH INC,GB
GLACIER BANCORP INC,GBCI
GOLUB CAP BDC INC,GBDC
GAMCO INVESTORS INC,GBL
GLOBAL INDEMNITY PLC,GBLI
GREENBRIER COMPANIES IN,GBX
GLOBAL CASH ACCESS INC,GCA
GREENLIGHT CAPITAL RE L,GLRE
GLATFELTER,GLT
GLU MOBILE INC,GLUU
CORNING INC,GLW
GENERAL MTRS CO,GM
GORDMANS STORES INC,GMAN
GREEN MTN COFFEE ROASTE,GMCR
GAMESTOP CORP,GME
GENERAL MOLY INC,GMO
GENERAL MARITIME CORP,GMR
GATX CORP,GMT
GMX RESOURCES INC,GMXR
GNC HLDGS INC,GNC
GENERAL COMMUNICATION,GNCMA
GLOBAL TRAFFIC NETWORK,GNET
GENCO SHIPPING & TRADIN,GNK
COMPLETE GENOMICS INC,GNOM
GENERAC HOLDINGS INC,GNRC
GENTEX CORP,GNTX
GENWORTH FINANCIAL INC,GNW
GEOKINETICS INC,GOK
GLADSTONE COMMERCIAL,GOOD
GOOGLE INC,GOOG
GOLD RESOURCE CORP,GORO
GOVERNMENT PPTY INCOME,GOV
GENUINE PARTS CO,GPC
GROUP 1 AUTOMOTIVE INC,GPI
GRAPHIC PACKAGING HLDG,GPK
GLOBAL PAYMENTS INC,GPN
GULFPORT ENERGY CORP,GPOR
GREEN PLAINS RENEWABLE,GPRE
GEN-PROBE INC,GPRO
GAP INC,GPS
GP STRATEGIES CORP,GPX
GOODRICH CORP,GR
GRACE W R & CO,GRA
GERBER SCIENTIFIC INC,GRB
GORMAN RUPP CO,GRC
GRIFFIN LAND & NURSERIE,GRIF
GRAHAM PACKAGING CO INC,GRM
GARMIN LTD,GRMN
HUDSON CITY BANCORP,HCBK
HCC INSURANCE  HLDGS IN,HCC
HERITAGE CRYL CLEAN INC,HCCI
HACKETT GROUP INC,HCKT
HEALTH CARE REIT INC,HCN
HCP INC,HCP
HEALTHCARE SVCS GRP INC,HCSG
HOME DEPOT INC,HD
HYPERDYNAMICS CORP,HDY
HAWAIIAN ELECTRIC INDS,HE
H&E EQUIPMENT SERVICES,HEES
HEICO CORP,HEI
HECKMANN CORP,HEK
HELEN OF TROY LTD,HELE
HERCULES OFFSHORE INC,HERO
HESS CORP,HES
ENER1 INC,HEV
HFF INC,HF
HERITAGE FINANCIAL CORP,HFWA
HHGREGG INC,HGG
HARLEYSVILLE GROUP INC,HGIC
HANGER ORTHOPEDIC GROUP,HGR
HUMAN GENOME SCIENCES,HGSI
HOWARD HUGHES CORP,HHC
HUDSON HIGHLAND GROUP,HHGP
HARTE HANKS INC,HHS
HILLENBRAND INC,HI
HIBBETT SPORTS INC,HIBB
HARTFORD FINL SVCS GRP,HIG
HUNTINGTON INGALLS IND,HII
HILL INTERNATIONAL INC,HIL
DOT HILL SYS CORP,HILL
HI-TECH PHARMACAL CO IN,HITK
HITTITE MICROWAVE CORP,HITT
HIGHWOODS PROPERTIES IN,HIW
PETROHAWK ENERGY CORP,HK
HECLA MINING CO,HL
HERBALIFE LTD,HLF
HARMONIC INC,HLIT
HEALTHSOUTH CORP,HLS
HELIX ENERGY SOLUTIONS,HLX
HEALTHSTREAM INC,HSTM
HERSHEY COMPANY,HSY
HERSHA HOSPITALITY TRUS,HT
HERITAGE COMMERCE CORP,HTBK
HICKORY TECH CORP,HTCO
HERCULES TECHNOLOGY GR,HTGC
HILLTOP HOLDINGS INC,HTH
HEARTLAND EXPRESS INC,HTLD
HEARTLAND FINANCIAL USA,HTLF
HATTERAS FINL CORP,HTS
HEARTWARE INTL INC,HTWR
HERTZ GLOBAL HOLDINGS,HTZ
HUBBELL INC,HUB.B
HUB GROUP INC,HUBG
HUMANA INC,HUM
HUNTSMAN CORP,HUN
HURCO COMPANIES INC,HURC
HURON CONSULTING GROUP,HURN
HOUSTON AMERICAN ENERGY,HUSA
HUDSON VALLEY HOLDING,HUVL
HAVERTY FURNITURE INC,HVT
HEADWATERS INC,HW
HEALTHWAYS INC,HWAY
HOUSTON WIRE & CABLE,HWCC
HAWKINS INC,HWKN
HEXCEL CORP,HXL
HYPERCOM CORP,HYC
MARINEMAX INC,HZO
IAC INTERACTIVECORP,IACI
INTEGRA LIFESCIENCES,IART
INTERLINE BRANDS INC,IBI
IBERIABANK CORP,IBKC
INTERACTIVE BROKERS GRO,IBKR
INTL BUSINESS MACHINES,IBM
INTERNATIONAL BANCSHARE,IBOC
INTERCONTINENTALEXCHANG,ICE
ICF INTERNATIONAL INC,ICFI
ICG GROUP INC,ICGE
INTERCLICK INC,ICLK
ICO GLOBAL COMM HLDGS,ICOG
ICONIX BRAND GROUP INC,ICON
INTEL CORP,INTC
INTL FCSTONE INC,INTL
INTUIT,INTU
INTERSECTIONS INC,INTX
IDENTIVE GROUP INC,INVE
INNERWORKINGS INC,INWK
ION GEOPHYSICAL CORP,IO
INNOSPEC INC,IOSP
INTERNATIONAL PAPER CO,IP
INTER PARFUMS INC,IPAR
INFINITY PPTY & CAS COR,IPCC
IPC THE HOSPITALIST CO,IPCM
INTERPUBLIC GROUP OF CO,IPG
IPG PHOTONICS CORP,IPGP
INPHI CORP,IPHI
INNOPHOS HOLDINGS INC,IPHS
INTREPID POTASH INC,IPI
IMPERIAL SUGAR CO,IPSU
IMPAX LABORATORIES INC,IPXL
INGERSOLL-RAND PLC,IR
IROBOT CORP,IRBT
INLAND REAL ESTATE CORP,IRC
IRIDIUM COMMUNICATIONS,IRDM
INVESTORS REAL ESTATE T,IRET
INTERNATIONAL RECTIFIER,IRF
IRIS INTERNATIONAL INC,IRIS
IRON MOUNTAIN INC,IRM
IRONWOOD PHARMACEUTICAL,IRWD
INVESTORS BANCORP INC,ISBC
INTERNATIONAL SPEEDWAY,ISCA
INTL SHIPHOLDING CORP,ISH
INTERSIL CORP,ISIL
ISIS PHARMACEUTICALS,ISIS
ISLE OF CAPRI CASINOS,ISLE
INTUITIVE SURGICAL INC,ISRG
ISRAMCO INC,ISRL
INTEGRATED SILICON S,ISSI
ISTA PHARMACEUTICALS IN,ISTA
INTEGRAL SYSTEMS INC,ISYS
GARTNER INC,IT
ITC HOLDINGS CORP,ITC
JAMES RIVER COAL CO,JRCC
JOURNAL COMMUNICATIONS,JRN
WILEY JOHN & SONS INC,JW.A
NORDSTROM INC,JWN
KELLOGG CO,K
KADANT INC,KAI
KAISER ALUMINUM CORP,KALU
KAMAN CORP,KAMN
KAR AUCTION SERVICES IN,KAR
KIMBALL INTERNATIONAL,KBALB
KB HOME,KBH
KBR INC,KBR
KBW INC,KBW
KOHLBERG CAPITAL CORP,KCAP
KNIGHT CAPITAL GROUP IN,KCG
KINETIC CONCEPTS INC,KCI
KANSAS CITY LIFE INS CO,KCLI
COLE KENNETH PRODTNS,KCP
KAYDON CORP,KDN
KEY ENERGY SERVICES INC,KEG
KELLY SERVICES INC,KELYA
KEMET CORP,KEM
KERYX BIOPHARMACEUTICAL,KERX
KIRBY CORP,KEX
KEYCORP,KEY
KEYNOTE SYSTEMS INC,KEYN
KEYW HOLDING CORP,KEYW
KFORCE INC,KFRC
KRAFT FOODS INC,KFT
KORN FERRY INTERNATIONA,KFY
KIMCO REALTY CORP,KIM
KIRKLANDS INC,KIRK
KIT DIGITAL INC,KITD
KRISPY KREME DOUGHNUTS,KKD
KLA-TENCOR CORP,KLAC
KULICKE & SOFFA INDS,KLIC
KIMBERLY CLARK CORP,KMB
KMG CHEMICALS INC,KMGB
KINDER MORGAN INC DEL,KMI
KENNAMETAL INC,KMT
CARMAX INC,KMX
LIBBEY INC,LBY
LIBERTY CAPITAL,LCAPA
U S AIRWAYS GROUP INC,LCC
LANNETT CO INC,LCI
LECROY CORP,LCRY
LIFETIME BRANDS INC,LCUT
LYDALL INC,LDL
LANDAUER INC,LDR
LEAR CORP,LEA
LEAP WIRELESS INTL INC,LEAP
LINCOLN ELECTRIC HLDGS,LECO
LEGGETT & PLATT INC,LEG
LENNAR CORP,LEN
LEAPFROG ENTERPRISES IN,LF
LITTELFUSE INC,LFUS
LACLEDE GROUP INC,LG
LIONS GATE ENTMNT CORP,LGF
LIGAND PHARMACEUTICALS,LGND
LABORATORY CORP OF AMER,LH
LHC GROUP INC,LHCG
LASALLE HOTEL PROPERTIE,LHO
LIFE TECHNOLOGIES CORP,LIFE
LENNOX INTERNATIONAL IN,LII
LINCOLN EDUCATIONAL SVS,LINC
LIBERTY INTERACTIVE,LINTA
LIONBRIDGE TECHNOLOGIES,LIOX
LIZ CLAIBORNE INC,LIZ
LAKELAND FINANCIAL CORP,LKFN
LKQ CORP,LKQX
LUMBER LIQUIDATORS HLDG,LL
L & L ENERGY INC,LLEN
L-3 COMMUNICATIONS HLDG,LLL
LIMELIGHT NETWORKS INC,LLNW
LINEAR TECHNOLOGY CO,LLTC
LILLY ELI & CO,LLY
LEGG MASON INC,LM
LMI AEROSPACE INC,LMIA
LIMONEIRA CO,LMNR
LUMINEX CORP,LMNX
LOCKHEED MARTIN CORP,LMT
LINCOLN NATIONAL CORP,LNC
LEXMARK INTERNATIONAL,LXK
LEXINGTON REALTY TRUST,LXP
LEXICON PHARMACEUTICALS,LXRX
LSB INDUSTRIES INC,LXU
LYONDELLBASELL INDS,LYB
LSI INDUSTRIES INC,LYTS
LIVE NATION ENT INC,LYV
LUBRIZOL CORP,LZ
LA Z BOY INC,LZB
MACYS INC,M
MASTERCARD INC,MA
MID-AMER APT CMNTYS,MAA
MACERICH CO,MAC
MAIN STREET CAPITAL COR,MAIN
MAKO SURGICAL CORP,MAKO
MANPOWERGROUP,MAN
MANHATTAN ASSOCS INC,MANH
MANTECH INTERNATIONAL,MANT
MAP PHARMACEUTICALS INC,MAPP
MARRIOTT INTL INC,MAR
MASCO CORP,MAS
MASIMO CORPORATION,MASI
MATTEL INC,MAT
MATTHEWS INTERNATIONAL,MATW
MAXYGEN INC,MAXY
MB FINANCIAL INC,MBFI
MBIA INC,MBI
METABOLIX INC,MBLX
MERCHANTS BANCSHARES,MBVT
MEDLEY CAPITAL CORP,MCC
MCDONALDS CORP,MCD
CONTANGO OIL & GAS CO,MCF
MCG CAPITAL CORP,MCGC
MICROCHIP TECHNOLOGY,MCHP
MARCHEX INC,MCHX
MCKESSON CORP,MCK
MOODYS CORP,MCO
MOLYCORP INC,MCP
MONARCH CASINO & RESORT,MCRI
MICREL INC,MCRL
MICROS SYSTEMS INC,MCRS
MORGANS HOTEL GROUP CO,MHGC
MOHAWK INDUSTRIES INC,MHK
MAIDEN HOLDINGS LTD,MHLD
M/I HOMES INC,MHO
MCGRAW HILL COS INC,MHP
MAGNUM HUNTER RES CORP,MHR
MEDCO HEALTH SOLUTIONS,MHS
MARSHALL & ILSLEY CORP,MI
MIDDLEBY CORP,MIDD
MEADOWBROOK INS GROUP,MIG
MILLER ENERGY RES INC,MILL
MITCHAM INDUSTRIES INC,MIND
MOBILE MINI INC,MINI
MIPS TECHNOLOGIES INC,MIPS
MICROMET INC,MITI
MEAD JOHNSON NUTRITION,MJN
MCCORMICK & CO INC,MKC
MARKEL CORP,MKL
MKS INSTRUMENTS INC,MKSI
RESPONSYS INC,MKTG
MARKETAXESS HOLDINGS IN,MKTX
HERMAN MILLER INC,MLHR
MUELLER INDUSTRIES INC,MLI
MARTIN MARIETTA MTLS,MLM
MODUSLINK GLB SOLUTIONS,MLNK
MILLER INDUSTRIES INC,MLR
MARSH & MCLENNAN COS,MMC
MOTOROLA MOBILITY HLDGS,MMI
3M CO,MMM
MCMORAN EXPLORATION CO,MMR
MAXIMUS INC,MMS
MERIT MED SYSTEMS INC,MMSI
MCCLATCHY CO,MNI
MANNKIND CORP,MNKD
MONMOUTH REAL ESTATE,MNR
MONRO MUFFLER BRAKE INC,MNRO
MOMENTA PHARMACEUTICALS,MNTA
ALTRIA GROUP INC,MO
MODINE MANUFACTURING CO,MOD
MOOG INC,MOG.A
MOLINA HEALTHCARE INC,MOH
MGIC INVESTMENT CORP,MTG
MERITAGE HOMES CORP,MTH
VAIL RESORTS INC,MTN
MERITOR INC,MTOR
MEDTOX SCIENTIFIC INC,MTOX
MATERION CORPORATION,MTRN
MATRIX SERVICE CO,MTRX
MTS SYSTEMS CORP,MTSC
MANITOWOC CO INC,MTW
MINERALS TECHNOLOGIES,MTX
MASTEC INC,MTZ
MICRON TECHNOLOGY INC,MU
MURPHY OIL CORP,MUR
METALS USA HLDGS CORP,MUSA
MVC CAPITAL INC,MVC
MICROVISION INC DEL,MVIS
MENS WEARHOUSE INC,MW
MUELLER WTR PRODS INC,MWA
MWI VETERINARY SUPPLY,MWIV
MEADWESTVACO CORP,MWV
MONSTER WORLDWIDE INC,MWW
MAXIM INTEGRATED PRODS,MXIM
MAXLINEAR INC,MXL
MAXWELL TECHNOLOGIES IN,MXWL
MYERS INDUSTRIES INC,MYE
MYRIAD GENETICS INC,MYGN
MYLAN INC,MYL
MYR GROUP INC DEL,MYRG
NETSUITE INC,N
NABI BIOPHARMACEUTICALS,NABI
NASH FINCH CO,NAFC
NANOMETRICS INC,NANO
NARA BANCORP INC,NARA
NORDIC AMERICAN TANKER,NAT
NATIONAL INSTRS CORP,NATI
NATIONAL INTERSTATE COR,NATL
NATURES SUNSHINE PRODS,NATR
NATIONAL AMERN UNIV,NAUH
NAVISTAR INTL CORP NEW,NAV
NAVIGATORS GROUP INC,NAVG
NEUROCRINE BIOSCIENCES,NBIX
NALCO HOLDING COMPANY,NLC
NIELSEN HOLDINGS NV,NLSN
ANNALY CAPITAL MGMT INC,NLY
NEW MTN FIN CORP,NMFC
NUMEREX CORP,NMRX
NN INC,NNBR
NELNET INC,NNI
NATIONAL RETAIL PPTYS,NNN
NORTHROP GRUMMAN CORP,NOC
NORTHERN OIL & GAS INC,NOG
NORANDA ALUM HLDG CORP,NOR
NATIONAL OILWELL VARCO,NOV
NEENAH PAPER INC,NP
NATIONAL PENN BANCSHARE,NPBC
NATIONAL PRESTO INDS IN,NPK
ENPRO INDUSTRIES INC,NPO
NPS PHARMACEUTICALS INC,NPSP
NEOPHOTONICS CORP,NPTN
NEWPARK RESOURCES INC,NR
NATIONAL RESEARCH CORP,NRCI
NORTHSTAR REALTY FINANC,NRF
NRG ENERGY INC,NRG
NORFOLK SOUTHERN CORP,NSC
INSIGHT ENTERPRISES INC,NSIT
NATIONAL SEMICONDUCTOR,NSM
INSPERITY INC,NSP
NEUSTAR INC,NSR
NSTAR,NST
NESS TECHNOLOGIES INC,NSTC
NETAPP INC,NTAP
NETSCOUT SYSTEMS INC,NTCT
NETGEAR INC,NTGR
NTELOS HOLDINGS CORP,NTLS
NUTRI SYSTEM INC,NTRI
NORTHERN TRUST CORP,NTRS
NETSPEND HOLDINGS INC,NTSP
NORTHEAST UTILITIES,NU
NUANCE COMMUNICATIONS,NUAN
NUCOR CORP,NUE
NU SKIN ENTERPRISES,NUS
NUTRACEUTICAL INTL CORP,NUTR
OGE ENERGY CORP,OGE
ONCOGENEX PHARMAS INC,OGXI
OMEGA HEALTHCARE INVS,OHI
OWENS ILLINOIS INC,OI
OCEANEERING INTL INC,OII
OIL STATES INTERNATIONA,OIS
ONEOK INC,OKE
SOUTHWEST BANCORP INC O,OKSB
OLIN CORP,OLN
ONE LIBERTY PROPERTIES,OLP
OMNICOM GROUP INC,OMC
OMNICELL INC,OMCL
OMEGA PROTEIN CORP,OME
ODYSSEY MARINE EXPLOR,OMEX
OM GROUP INC,OMG
OWENS & MINOR INC,OMI
OMNOVA SOLUTIONS INC,OMN
OBAGI MEDICAL PROD INC,OMPI
OFFICEMAX INC,OMX
OLD NATIONAL BANCORP,ONB
HIGHER ONE HLDGS INC,ONE
ON SEMICONDUCTOR CORP,ONNN
ONCOTHYREON INC,ONTY
ONYX PHARMACEUTICALS IN,ONXX
OPENTABLE INC,OPEN
OPKO HEALTH INC,OPK
OPLINK COMMUNICATIONS,OPLK
OPNET TECHNOLOGIES INC,OPNT
OPTIMER PHARMA INC,OPTR
OPENWAVE SYSTEMS INC,OPWV
OPNEXT INC,OPXT
OPPENHEIMER HOLDINGS IN,OPY
ORMAT TECHNOLOGIES INC,ORA
ORBITAL SCIENCES CORP,ORB
ORBCOMM INC,ORBC
ORACLE CORP,ORCL
OREXIGEN THERAPEUTICS,OREX
OLD REPUBLIC INTL CORP,ORI
ORITANI FINANCIAL CORP,ORIT
O REILLY AUTOMOTIVE INC,ORLY
ORION MARINE GROUP INC,ORN
PATRIOT COAL CORP,PCX
PHARMACYCLICS INC,PCYC
PIONEER DRILLING CO,PDC
PATTERSON COS INC,PDCO
PDF SOLUTIONS INC,PDFS
PDL BIOPHARMA INC,PDLI
PIEDMONT OFFICE RLTY TR,PDM
PEBBLEBROOK HOTEL TRUST,PEB
PEOPLES BANCORP INC,PEBO
PEETS COFFEE & TEA INC,PEET
PUBLIC SVC ENTERPRISE,PEG
PEGASYSTEMS INC,PEGA
PENNSYLVANIA REAL ESTAT,PEI
PENN NATIONAL GAMING IN,PENN
PEPSICO INC,PEP
ELLIS PERRY INTL INC,PERY
PETROLEUM DEV CORP,PETD
PETSMART INC,PETM
PETMED EXPRESS INC,PETS
P F CHANGS CHINA BISTRO,PFCB
PFIZER INC,PFE
PRINCIPAL FINANCIAL GRP,PFG
PROVIDENT FINANCIAL SVC,PFS
PROCTER & GAMBLE CO,PG
PREMIERE GLOBAL SERVICE,PGI
PROGRESS ENERGY INC,PGN
PROGENICS PHARMACEUTICA,PGNX
PROGRESSIVE CORP,PGR
PARKER HANNIFIN CORP,PH
PHH CORPORATION,PHH
PHI INC,PHIIK
PULTEGROUP INC,PHM
PANHANDLE OIL AND GAS,PHX
PICO HOLDINGS INC,PICO
POLARIS INDUSTRIES INC,PII
PIKE ELECTRIC CORP,PIKE
PHARMATHENE INC,PIP
PIER 1 IMPORTS INC,PIR
PIPER JAFFRAY COMPANIES,PJC
PARKER DRILLING CO,PKD
PARK ELECTROCHEMICAL,PKE
PORTLAND GEN ELEC CO,POR
POWER INTEGRATIONS INC,POWI
POWELL INDUSTRIES INC,POWL
POWERSECURE INTL INC,POWR
POZEN INC,POZN
PILGRIMS PRIDE CORP NEW,PPC
PRE PAID LEGAL SERVICES,PPD
PHARMACEUTICAL PROD,PPDI
PPG INDUSTRIES INC,PPG
PEREGRINE PHARMA INC,PPHM
PPL CORP,PPL
POLYPORE INTL INC,PPO
POST PROPERTIES INC,PPS
PETROQUEST ENERGY INC,PQ
PROASSURANCE CORP,PRA
PORTFOLIO RECOVERY ASSO,PRAA
PARTNERRE LTD,PRE
PERFICIENT INC,PRFT
PERRIGO CO,PRGO
PROGRESS SOFTWARE CORP,PRGS
PRGX GLOBAL INC,PRGX
PRIMERICA INC,PRI
PRIMORIS SVCS CORP,PRIM
PARK NATIONAL CORP,PRK
PRIMEDIA INC,PRM
PRIMO WATER CORP,PRMW
PROS HOLDINGS INC,PRO
DELTEK INC,PROJ
PRIMUS GUARANTY LTD,PRS
PROVIDENCE SERVICE CORP,PRSC
PROSPERITY BANCSHARES,PRSP
US AUTO PARTS NETWRK IN,PRTS
PRUDENTIAL FINANCIAL IN,PRU
PAR PHARMACEUTICAL COS,PRX
PAREXEL INTERNATIONAL,PRXL
PUBLIC STORAGE INC,PSA
PS BUSINESS PARKS INC,PSB
PROSPECT CAPITAL CORP,PSEC
PERICOM SEMICONDUCTOR,PSEM
PRICESMART INC,PSMT
COLLECTIVE BRANDS INC,PSS
RALCORP HOLDINGS INC,RAH
REYNOLDS AMERICAN INC,RAI
FREIGHTCAR AMERICA INC,RAIL
RAIT FINANCIAL TRUST,RAS
RAVEN INDUSTRIES INC,RAVN
RACKSPACE HOSTING INC,RAX
REGAL BELOIT CORP,RBC
REPUBLIC BANCORP INC KY,RBCAA
RUBICON TECHNOLOGY INC,RBCN
ROBBINS & MYERS INC,RBN
RENT A CENTER INC,RCII
ROCKVILLE FINL INC,RCKB
ROYAL CARIBBEAN CRUISES,RCL
ROWAN COMPANIES INC,RDC
ARDEA BIOSCIENCES INC,RDEA
ELIZABETH ARDEN INC,RDEN
RUDDICK CORP,RDK
RADIAN GROUP INC,RDN
RADNET INC,RDNT
EVEREST RE GROUP LTD,RE
RESOURCES CONNECTION,RECN
REGENCY CENTERS CORP,REG
REGENERON PHARMACEUTICA,REGN
RICHARDSON ELECTRONICS,RELL
RESOLUTE ENERGY CORP,REN
RENTRAK CORP,RENT
RPC INC,RES
REVLON INC,REV
REX AMERICAN RESOURCES,REX
REX ENERGY CORP,REXX
REGIONS FINANCIAL CORP,RF
RF MICRODEVICES INC,RFMD
REINSURANCE GRP OF AMER,RGA
REGAL ENTMT GROUP,RGC
ROYAL GOLD INC,RGLD
STURM RUGER & CO INC,RGR
REGIS CORP,RGS
ROBERT HALF INTL INC,RHI
RED HAT INC,RHT
RIGEL PHARMACEUTICALS,RIGL
RIMAGE CORP,RIMG
REPUBLIC SERVICES INC,RSG
RADIOSHACK CORP,RSH
RESOURCE CAPITAL CORP,RSO
ROSETTA STONE INC,RST
ROFIN SINAR TECHNOLOGIE,RSTI
RADISYS CORP,RSYS
RUBY TUESDAY INC,RT
RUDOLPH TECHNOLOGIES IN,RTEC
RTI INTERNATIONAL METAL,RTI
RTI BIOLOGICS INC,RTIX
RENTECH INC,RTK
RAYTHEON CO,RTN
RUE21 INC,RUE
RURAL/METRO CORP,RURL
RUSH ENTERPRISES INC,RUSHA
RUTH'S HOSPITALITY GROU,RUTH
RIVERBED TECHNOLOGY INC,RVBD
REVETT MINERALS INC,RVM
REDWOOD TRUST INC,RWT
RYLAND GROUP INC,RYL
RAYONIER INC,RYN
SPRINT NEXTEL CORP,S
INCONTACT INC,SAAS
SABA SOFTWARE INC,SABA
SANDERSON FARMS INC,SAFM
SAFETY INSURANCE GRP IN,SAFT
SONIC AUTOMOTIVE INC,SAH
SAIC INC,SAI
SAIA INC,SAIA
BOSTON BEER INC,SAM
SANMINA SCI CORP,SANM
SAPIENT CORP,SAPE
SANDY SPRING BANCORP,SASR
SATCON TECHNOLOGY CORP,SATC
ECHOSTAR CORP,SATS
SPIRIT AIRLS INC,SAVE
SBA COMMUNICATIONS CORP,SBAC
SEACOAST BANKING CORP F,SBCF
SINCLAIR BROADCAST GROU,SBGI
SALLY BEAUTY HOLDINGS,SBH
STERLING BANCSHARES,SBIB
SUCCESSFACTORS INC,SFSF
SWIFT ENERGY CO,SFY
SAGA COMMUNICATIONS INC,SGA
SEATTLE GENETICS INC,SGEN
SILICON GRAPHICS INTL,SGI
SCHAWK INC,SGK
SANGAMO BIOSCIENCES INC,SGMO
SCIENTIFIC GAMES CORP,SGMS
SAGENT PHARMACEUTICALS,SGNT
STREAM GLOBAL SVCS INC,SGS
STONE ENERGY CORP,SGY
SHAW GROUP INC,SHAW
SHENANDOAH TELECOMM CO,SHEN
SHUFFLE MASTER INC,SHFL
SEARS HOLDINGS CORP,SHLD
SCHULMAN A INC,SHLM
SHILOH INDUSTRIES INC,SHLO
SUNSTONE HOTEL INVS INC,SHO
MADDEN STEVEN LTD,SHOO
SHORETEL INC,SHOR
SAUER-DANFOSS INC,SHS
SHERWIN WILLIAMS CO,SHW
SIGMA ALDRICH CORP,SIAL
SIGNET JEWELERS LTD,SIG
SIGA TECHNOLOGIES INC,SIGA
SELECTIVE INSURANCE GRP,SIGI
SIGMA DESIGNS INC,SIGM
SILICON IMAGE INC,SIMG
SIRIUS XM RADIO INC,SIRI
SIRONA DENTAL SYS INC,SIRO
SVB FINANCIAL GROUP,SIVB
SIX FLAGS ENTMT CORP NE,SIX
SOUTH JERSEY INDUSTRIES,SJI
SMUCKER J M CO,SJM
SJW CORP,SJW
SKILLED HEALTHCARE GROU,SKH
SAKS INC,SKS
TANGER FACTORY OUTLET,SKT
SKECHERS U S A INC,SKX
SKYLINE CORP,SKY
SKYWEST INC,SKYW
SONOSITE INC,SONO
SONUS NETWORKS INC,SONS
SPARTAN MOTORS INC,SPAR
SPECTRUM BRANDS HOLDING,SPB
STANDARD PACIFIC CORP,SPF
SIMON PROPERTY GROUP IN,SPG
STAPLES INC,SPLS
SUPERIOR ENERGY SERVICE,SPN
SPECTRANETICS CORP,SPNC
SPECTRUM PHARMACEUTICAL,SPPI
SPIRIT AEROSYSTEMS,SPR
SUPPORT.COM INC,SPRT
SPS COMM INC,SPSC
SPARTAN STORES INC,SPTN
SPX CORP,SPW
SUNPOWER CORP,SPWRA
SCIQUEST INC NEW,SQI
SEQUENOM INC,SQNM
1ST SOURCE CORP,SRCE
STERICYCLE INC,SRCL
SURMODICS INC,SRDX
SEMPRA ENERGY,SRE
SERVICESOURCE INTL LLC,SREV
STONERIDGE INC,SRI
SRS LABS INC,SRSL
SRA INTERNATIONAL INC,SRX
SUNRISE SENIOR LIVING,SRZ
SIMPSON MANUFACTURING,SSD
STAGE STORES INC,SSI
SS&C TECHNOLOGIES HLDGS,SSNC
SCRIPPS E W CO,SSP
SOVRAN SELF STORAGE,SSS
STRATASYS INC,SSYS
STAAR SURGICAL CO,STAA
STAG INDL INC,STAG
STANDARD PARKING CORP,STAN
S & T BANCORP INC,STBA
STATE BANCORP INC,STBC
STATE BK FINL CORP,STBZ
STEWART INFORMATION,STC
STERIS CORP,STE
STANLEY BLACK & DECKER,SWK
SKYWORKS SOLUTIONS INC,SWKS
SCHWEITZER-MAUDUIT INTL,SWM
SOUTHWESTERN ENERGY CO,SWN
SWS GROUP INC,SWS
SWISHER HYGIENE INC,SWSH
SOUTHWEST GAS CORP,SWX
SAFEWAY INC,SWY
SXC HEALTH SOLUTIONS,SXCI
STANDEX INTERNATIONAL,SXI
SENSIENT TECHNOLOGIES,SXT
SYMETRA FINANCIAL CORP,SYA
S Y BANCORP INC,SYBT
STRYKER CORP,SYK
SYKES ENTERPRISES INC,SYKE
SYMANTEC CORP,SYMC
SYMMETRICOM INC,SYMM
SYMS CORP,SYMS
SYNAPTICS INC,SYNA
SYNTROLEUM CORP,SYNM
SYNOVIS LIFE TECH INC,SYNO
SYNTEL INC,SYNT
SYNUTRA INTL INC,SYUT
SYSTEMAX INC,SYX
SYSCO CORP,SYY
SOLAZYME INC,SZYM
AT&T INC,T
TAL INTERNATIONAL GROUP,TAL
MOLSON COORS BREWING CO,TAP
TASER INTL INC,TASR
CARROLS RESTAURANT GRP,TAST
MEDALLION FINANCIAL COR,TAXI
TAYLOR CAPITAL GROUP IN,TAYC
BANCORP INC,TBBK
TRUEBLUE INC,TBI
TIMBERLAND CO,TBL
TERRITORIAL BANCORP INC,TBNK
THOMPSON CREEK METALS,TC
TRIANGLE CAPITAL CORP,TCAP
TCF FINANCIAL CORP,TCB
TEXAS CAPITAL BANCSHARE,TCBI
TIVO INC,TIVO
TJX COMPANIES INC,TJX
TEEKAY CORP,TK
TEKELEC,TKLC
TIMKEN CO,TKR
TELLABS INC,TLAB
TALBOTS INC,TLB
TALEO CORP,TLEO
TEAM HEALTH HOLDINGS IN,TMH
TORCHMARK CORP,TMK
THERMO FISHER SCIENTIFI,TMO
TOMPKINS FINANCIAL CORP,TMP
TMS INTL CORP,TMS
TELENAV INC,TNAV
THOMAS & BETTS CORP,TNB
TENNANT CO,TNC
NEUTRAL TANDEM INC,TNDM
TEEKAY TANKERS LTD,TNK
TNS INC,TNS
TOWER BANCORP INC,TOBC
TOLL BROTHERS INC,TOL
TOWNEBANK PORTSMOUTH VA,TOWN
TOWER INTERNATIONAL INC,TOWR
TUTOR PERINI CORP,TPC
TPC GROUP INC,TPCG
TRIANGLE PETE CORP,TPLM
TEMPUR PEDIC INTL INC,TPX
TRIQUINT SEMICONDUCTOR,TQNT
TOOTSIE ROLL INDUSTRIES,TR
DEALERTRACK HOLDINGS IN,TRAK
TEJON RANCH CO,TRC
TRANSCEND SERVICES INC,TRCR
TREX INC,TREX
TARGA RESOURCES INC,TRGP
TARGACEPT INC,TRGT
TRANSATLANTIC HLDGS INC,TRH
THOMSON REUTERS CORP,TRI
SPEEDWAY MOTORSPORTS IN,TRK
TRUE RELIGION APPAREL,TRLG
TRIMBLE NAVIGATION LTD,TRMB
TRUSTMARK CORP,TRMK
TEXTRON INC,TXT
TYCO INTERNATIONAL LTD,TYC
TYLER TECHNOLOGIES INC,TYL
MONOTYPE IMAGING HLDG,TYPE
TRAVELZOO INC,TZOO
UNDER ARMOUR INC,UA
UNIVERSAL TRUCKLOAD SVC,UACL
UNITED CONTINENTAL HLDG,UAL
UNIVERSAL AMERICAN CORP,UAM
URSTADT BIDDLE PPTYS IN,UBA
UNITED FINANCIAL BANCOR,UBNK
UNION FIRST MARKET BKSH,UBSH
UNITED BANKSHARES INC,UBSI
UNITED COMMUNITY BANKS,UCBID
ULTRA CLEAN HOLDINGS IN,UCTT
UDR INC,UDR
UNION DRILLING INC,UDRL
URANIUM ENERGY CORP,UEC
UNIVERSAL ELECTRONICS,UEIC
UNITED FIRE & CAS CO,UFCS
UNIFI INC,UFI
UNIVERSAL FOREST PRODS,UFPI
DOMTAR CORPORATION,UFS
UGI CORP,UGI
AMERCO,UHAL
UNIVERSAL HEALTH SVCS,UHS
UNIVERSAL HEALTH REALTY,UHT
UIL HOLDINGS CORP,UIL
UNISYS CORP,UIS
ULTA SALON COSMETICS,ULTA
ULTIMATE SOFTWARE GROUP,ULTI
ULTRAPETROL BAHAMAS LTD,ULTR
UMB FINANCIAL CORP,UMBF
UMH PROPERTIES INC,UMH
UMPQUA HOLDINGS CORP,UMPQ
UNIFIRST CORP MASS,UNF
UNITED NATURAL FOODS IN,UNFI
UNITEDHEALTH GROUP INC,UNH
UNILIFE CORP NEW,UNIS
UNUM GROUP,UNM
UNION PACIFIC CORP,UNP
VIRGINIA COMM BANCORP,VCBI
VALASSIS COMMUNICATIONS,VCI
VALUECLICK INC,VCLK
VASCO DATA SECURITY INT,VDSI
VEECO INSTRUMENTS INC,VECO
V F CORP,VFC
VONAGE HLDGS CORP,VG
VECTOR GROUP LTD,VGR
VISTA GOLD CORP,VGZ
VIRNETX HOLDING CORP,VHC
VIACOM INC,VIA.B
VIASYSTEMS GROUP INC,VIAS
VICAL INC,VICL
VICOR CORP,VICR
ORTHOVITA INC,VITA
MERIDIAN BIOSCIENCE INC,VIVO
KNIGHTSBRIDGE TANKERS,VLCCF
VILLAGE SUPER MARKET IN,VLGEA
VALENCE TECHNOLOGY INC,VLNC
VALERO ENERGY CORP,VLO
VOLTERRA SEMICONDUCTOR,VLTR
VALLEY NATIONAL BANCORP,VLY
VULCAN MATERIALS CO,VMC
VIRGIN MEDIA INC,VMED
VALMONT INDUSTRIES INC,VMI
VMWARE INC,VMW
VANDA PHARMACEUTICALS,VNDA
VORNADO REALTY TRUST,VNO
VOCUS INC,VOCS
VOYAGER OIL & GAS INC,VOG
VOLCANO CORP,VOLC
AUDIOVOX CORP,VOXX
VIEWPOINT FINL GROUP,VPFG
VISHAY PRECISION GROUP,VPG
VIROPHARMA INC,VPHM
VISTAPRINT N V,VPRT
VENOCO INC,VQ
VALIDUS HOLDINGS LTD,VR
VERA BRADLEY INC,VRA
VERINT SYS INC,VRNT
VERSO PAPER CORP,VRS
WISCONSIN ENERGY CORP,WEC
WENDY'S/ARBY'S GROUP IN,WEN
WERNER ENTERPRISES INC,WERN
WEYCO GROUP INC,WEYS
WELLS FARGO & CO,WFC
WESTFIELD FINANCIAL INC,WFD
WHOLE FOODS MARKET INC,WFM
MEMC ELECTRIC MATERIALS,WFR
WASHINGTON FED INC,WFSL
WILLBROS GROUP INC,WG
WGL HOLDINGS INC,WGL
WINNEBAGO INDUSTRIES IN,WGO
WESTWOOD HOLDINGS GROUP,WHG
WHIRLPOOL CORP,WHR
WILSHIRE BANCORP INC,WIBC
BOINGO WIRELESS INC,WIFI
WINDSTREAM CORP,WIN
WINMARK CORP,WINA
WINN DIXIE STORES INC,WINN
ENCORE WIRE CORP,WIRE
WESTMORELAND COAL CO,WLB
WESTLAKE CHEMICAL CORP,WLK
WHITING PETROLEUM CORP,WLL
WELLPOINT INC,WLP
WALTER ENERGY INC,WLT
WASTE MGMT INC,WM
WEST MARINE INC,WMAR
WILLIAMS COMPANIES INC,WMB
WARNER MUSIC GROUP CORP,WMG
WRIGHT MEDICAL GROUP IN,WMGI
WEIS MARKETS INC,WMK
WMS INDUSTRIES INC,WMS
WAL MART STORES INC,WMT
WABASH NATIONAL CORP,WNC
SCHIFF NUTRITION INTL,WNI
WESTERN REFINING INC,WNR
VCA ANTECH INC,WOOF
WORTHINGTON INDUSTRIES,WOR
WATSON PHARMACEUTICALS,WPI
WASHINGTON POST CO,WPO
WAUSAU PAPER CORP,WPP
EXXON MOBIL CORP,XOM
DENTSPLY INTERNATIONAL,XRAY
X-RITE INC,XRIT
XERIUM TECHNOLOGIES INC,XRM
XYRATEX LTD,XRTX
XEROX CORP,XRX
CROSSTEX ENERGY INC,XTXI
IXIA,XXIA
ALLEGHANY CORP,Y
YOUNG INNOVATIONS INC,YDNT
YAHOO INC,YHOO
YORK WATER COMPANY,YORW
U STORE IT TRUST,YSI
YUM! BRANDS INC,YUM
ZAGG INCORPORATED,ZAGG
ZEBRA TECHNOLOGIES CORP,ZBRA
ZEP INC,ZEP
OLYMPIC STEEL INC,ZEUS
AMCOL INTERNATIONAL COR,ACO
ANCESTRY.COM INC,ACOM
ACORDA THERAPEUTICS INC,ACOR
ACTIVE POWER INC,ACPW
ACACIA RESEARCH CORP,ACTG
ACTIVE NETWORK INC,ACTV
ACURA PHARMACEUTICALS,ACUR
ACCURIDE CORP NEW,ACW
ACXIOM CORP,ACXM
ADOBE SYSTEMS INC,ADBE
AGREE REALTY CORP,ADC
ANALOG DEVICES INC,ADI
ARCHER DANIELS MIDLAND,ADM
AUTOMATIC DATA PROCESS,ADP
AMERICAN DENTAL PARTNER,ADPI
ALLIANCE DATA SYSTEMS,ADS
AUTODESK INC,ADSK
ADTRAN INC,ADTN
ADVENT SOFTWARE INC,ADVS
ADVANCE AMERICA CASH AD,AEA
ASSOCIATED ESTATES RLTY,AEC
AMEREN CORP,AEE
AEGERION PHARM INC,AEGR
ADVANCED ENERGY INDS IN,AEIS
AMERICAN EQUITY INVST,AEL
AMERICAN EAGLE OUTFITTE,AEO
AMERICAN ELECTRIC POWER,AEP
AEP INDUSTRIES INC,AEPI
AES CORP,AES
AETNA INC,AET
ASTORIA FINANCIAL CORP,AF
ALMOST FAMILY INC,AFAM
AFC ENTERPRISES INC,AFCE
AFFYMETRIX INC,AFFX
AFFYMAX INC,AFFY
ALEXANDER & BALDWIN INC,ALEX
ALAMO GROUP INC,ALG
ALIGN TECHNOLOGY INC,ALGN
ALLEGIANT TRAVEL CO,ALGT
ALIMERA SCIENCES INC,ALIM
ALON USA ENERGY INC,ALJ
ALASKA AIR GROUP INC,ALK
ALKERMES INC,ALKS
ALLSTATE CORP,ALL
ALLIANCE FINANCIAL CORP,ALNC
ALNYLAM PHARMACEUTICALS,ALNY
ANALOGIC CORP,ALOG
ALERE INC,ALR
ALASKA COMMUNICATIONS,ALSK
ALTERRA CAPITAL HOLDING,ALTE
ALLOS THERAPEUTICS INC,ALTH
ALTERA CORP,ALTR
AUTOLIV INC,ALV
ALEXANDERS INC,ALX
ALEXION PHARMACEUTICALS,ALXN
AMERICAN GREETINGS,AM
AMAG PHARMACEUTICALS IN,AMAG
APPLIED MATLS INC,AMAT
APPLIED MICRO CIRCUITS,AMCC
ADVANCED MICRO DEVICES,AMD
AMETEK INC,AME
AMEDISYS INC,AMED
AFFILIATED MANAGERS GRP,AMG
AMGEN INC,AMGN
AMKOR TECHNOLOGY INC,AMKR
AMYLIN PHARMACEUTICALS,AMLN
AMERON INTERNATIONAL IN,AMN
AMERIPRISE FINANCIAL IN,AMP
AMPIO PHARMACEUTICALS,AMPE
AMR CORP,AMR
AMERESCO INC,AMRC
ALBANY MOLECULAR RESRCH,AMRI
AMYRIS INC,AMRS
AMERICAN SUPERCONDUCTOR,AMSC
AMERISAFE INC,AMSF
AMSURG CORP,AMSG
ARCHIPELAGO LEARNING IN,ARCL
ARDEN GROUP INC,ARDNA
ALEXANDRIA REAL ESTATE,ARE
APPROACH RESOURCES INC,AREX
AIRGAS INC,ARG
AMERIGON INC,ARGN
APOLLO COMMERCIAL RE,ARI
ARIAD PHARMACEUTICALS,ARIA
AMERICAN RAILCAR IND,ARII
ARCH CHEMICALS INC,ARJ
ARENA PHARMACEUTICALS,ARNA
AEROPOSTALE INC,ARO
ARROW FINANCIAL CORP,AROW
ARQULE INC,ARQL
ARMOUR RESIDENTIAL REIT,ARR
ARRIS GROUP INC,ARRS
ARRAY BIOPHARMA INC,ARRY
ARTIO GLOBAL INVESTORS,ART
ARTHROCARE CORP,ARTC
ARTESIAN RESOURCES CORP,ARTNA
ARUBA NETWORKS INC,ARUN
ARROW ELECTRONICS INC,ARW
AEROFLEX HLDG CORP,ARX
ASSOCIATED BANC CORP,ASBC
AMERISTAR CASINOS INC,ASCA
ASCENT MEDIA CORP,ASCMA
AMERICAN SCIENCE & ENGR,ASEI
ON ASSIGNMENT INC,ASGN
ASHLAND INC,ASH
AMERICAN SAFETY INS HLD,ASI
ASCENA RETAIL GROUP INC,ASNA
ASTEC INDUSTRIES INC,ASTE
AMTECH SYSTEMS INC,ASYS
ATLANTIC PWR CORP,AT
ALPHATEC HOLDINGS,ATEC
ATHENAHEALTH INC,ATHN
ALLEGHENY TECHNOLOGIES,ATI
ALLIANT TECHSYSTEMS,ATK
AMES NATL CORP,ATLO
ATMI INC,ATMI
ATMEL CORP,ATML
AUTOZONE INC,AZO
ASPEN TECHNOLOGY INC,AZPN
AZZ INC,AZZ
BARNES GROUP INC,B
BOEING CO,BA
NATUS MEDICAL INC,BABY
BANK OF AMERICA CORP,BAC
EINSTEIN NOAH REST GROU,BAGL
BOOZ ALLEN HAMILTON HLD,BAH
BALTIC TRADING LIMITED,BALT
BANCFIRST CORP,BANF
BANNER CORP,BANRD
BANCORP RHODE ISLAND IN,BARI
BASIC ENERGY SERVICES,BAS
BAXTER INTERNATIONAL IN,BAX
BLACKBOARD INC,BBBB
BED BATH & BEYOND INC,BBBY
BILL BARRETT CORP,BBG
BIGBAND NETWORKS INC,BBND
BRIDGE CAPITAL HOLDINGS,BBNK
BLACK BOX CORP,BBOX
BRAVO BRIO RESTAURANT G,BBRG
BARRETT BUSINESS SERVIC,BBSI
BB&T CORP,BBT
BUILD A BEAR WORKSHOP,BBW
BEST BUY INC,BBY
BRUNSWICK CORP,BC
BRINKS CO,BCO
BALCHEM CORP,BCPC
BARD C R INC,BCR
BIOCRYST PHARMACEUTICAL,BCRX
BLUE COAT SYSTEMS INC,BCSI
BELDEN INC,BDC
BLACK DIAMOND INC,BDE
BRIDGE BANCORP INC,BDGE
BRANDYWINE REALTY TRUST,BDN
BECTON DICKINSON & CO,BDX
CARDIONET INC,BEAT
BE AEROSPACE INC,BEAV
BEBE STORES INC,BEBE
BECKMAN COULTER INC,BEC
BLACKBAUD INC,BLKB
BALL CORP,BLL
BLOUNT INTERNATIONAL IN,BLT
BIOLASE TECHNOLOGY INC,BLTI
IMMUCOR INC,BLUD
BANCO LATINOAMERICANO,BLX
BMC SOFTWARE INC,BMC
BADGER METER INC,BMI
BIOMED REALTY TRUST INC,BMR
BANK OF MARIN BANCORP,BMRC
BIOMARIN PHARMACEUTICAL,BMRN
BEMIS INC,BMS
BRYN MAWR BANK CORP,BMTC
BIOMIMETIC THERAPEUTICS,BMTI
BRISTOL MYERS SQUIBB,BMY
BENEFICIAL MUTUAL INC,BNCL
BENIHANA INC,BNHNA
BOB EVANS FARMS INC,BOBE
BODY CENTRAL CORP,BODY
BOFI HLDG INC,BOFI
BANK OF HAWAII CORP,BOH
BOK FINANCIAL CORP,BOKF
BACTERIN INTL HLDGS INC,BONE
BON-TON STORES INC,BONT
DYNAMIC MATERIALS CORP,BOOM
SEACUBE CONTAINER LEASI,BOX
BIOSANTE PHARMACEUTICAL,BPAX
BOSTON PRIVATE FINANCIA,BPFH
BRIDGEPOINT ED INC,BPI
POPULAR INC,BPOP
BPZ RESOURCES INC,BPZ
BROADRIDGE FINANCIAL IN,BR
BRADY CORP,BRC
BROCADE COMMUNICATIONS,BRCD
BROADCOM CORP,BRCM
BRE PROPERTIES INC,BRE
BERKSHIRE HATHAWAY INC,BRK.B
BROOKLINE BANCORP INC,BRKL
BRUKER CORP,BRKR
BROOKS AUTOMATION INC,BRKS
BIO-REFERENCE LABS INC,BRLI
CAI INTERNATIONAL INC,CAP
AVIS BUDGET GROUP INC,CAR
CASTLE A M & CO,CAS
CASCADE CORP,CASC
CASS INFORMATION SYSTEM,CASS
CASEYS GENERAL STORES,CASY
CATERPILLAR INC,CAT
CARDTRONICS INC,CATM
CATO CORP,CATO
CATHAY GENERAL BANCORP,CATY
CAVIUM INC,CAVM
CHUBB CORP,CB
CINCINNATI BELL INC,CBB
COOPER INDUSTRIES PLC,CBE
CBEYOND INC,CBEY
CB RICHARD ELLIS GROUP,CBG
CHICAGO BRIDGE & IRON,CBI
CHRISTOPHER & BANKS COR,CBK
CAPITAL BK CORP,CBKN
CBL & ASSOC PPTYS INC,CBL
CLEVELAND BIOLABS INC,CBLI
CAMBREX CORP,CBM
CAPE BANCORP INC,CBNJ
CBOE HLDGS INC,CBOE
CARIBOU COFFEE CO INC,CBOU
CIBER INC,CBR
CRACKER BARREL STORE,CBRL
COLUMBIA LABORATORIES,CBRX
CBS CORPORATION,CBS
COMMERCE BANCSHARES INC,CBSH
CUBIST PHARMACEUTICALS,CBST
CABOT CORP,CBT
COMMUNITY BANK SYSTEMS,CBU
CBIZ INC,CBZ
CAPITAL CITY BANK GROUP,CCBG
CALGON CARBON CORP,CCC
COCA COLA ENTERPRISE,CCE
CHASE CORP,CCF
CAMPUS CREST CMNTYS INC,CCG
CROWN CASTLE INTL CORP,CCI
COLEMAN CABLE INC,CCIX
CHEMED CORPORATION,CHE
CHEMICAL FINANCIAL CORP,CHFC
CHARTER FINL CORP WEST,CHFN
CH ENERGY GROUP INC,CHG
CHOICE HOTELS INTL INC,CHH
CHESAPEAKE ENERGY CORP,CHK
CHEROKEE INC,CHKE
CHEMTURA CORP,CHMT
CHARMING SHOPPES INC,CHRS
C H ROBINSON WORLDWIDE,CHRW
CHICOS FAS INC,CHS
CATALYST HLTH SOLUTIONS,CHSI
CHESAPEAKE LODGING TRUS,CHSP
CHELSEA THERAPEUTICS IN,CHTP
CHARTER COMM INC,CHTR
O CHARLEYS INC,CHUX
CIGNA CORP,CI
CITIZENS INC,CIA
COBALT INTL ENERGY,CIE
CIENA CORP,CIEN
STAR SCIENTIFIC INC,CIGX
CHIMERA INVESTMENT CORP,CIM
CINCINNATI FINANCIAL,CINF
CIRCOR INTERNATIONAL IN,CIR
CIT GROUP INC,CIT
COMPX INTERNATIONAL,CIX
SEACOR HOLDINGS INC,CKH
CHECKPOINT SYSTEMS INC,CKP
COLGATE PALMOLIVE CO,CL
CORE LABORATORIES N V,CLB
CLARCOR INC,CLC
CLOUD PEAK ENERGY INC,CLD
CHATHAM LODGING TR,CLDT
CELLDEX THERAPEUTICS IN,CLDX
CLIFFS NATURAL RESOURCE,CLF
CENTER FINANCIAL CORP,CLFC
CORELOGIC INC,CLGX
CLEAN HARBORS INC,CLH
MACK CALI REALTY CORP,CLI
CALAMOS ASSET MGMT INC,CLMS
CLEAN ENERGY FUELS CORP,CLNE
COMPASS DIVERSIFIED HLD,CODI
CAPITAL ONE FINANCIAL,COF
CABOT OIL & GAS CORP,COG
COACH INC,COH
COHERENT INC,COHR
COHU INC,COHU
COCA COLA BOTTLING,COKE
ROCKWELL COLLINS INC,COL
COLUMBIA BKG SYSTEM INC,COLB
COLUMBIA SPORTSWEAR CO,COLM
CONNS INC,CONN
COOPER COMPANIES INC,COO
CONOCOPHILLIPS,COP
CORESITE REALTY CORP,COR
CORE MARK HOLDING CO IN,CORE
CORCEPT THERAPEUTICS IN,CORT
COSTCO WHOLESALE CORP,COST
COVIDIEN PLC,COV
COWEN GROUP INC,COWN
COPA HOLDINGS SA,CPA
CAMPBELL SOUP CO,CPB
CALLON PETROLEUM CO,CPE
CENTRAL PACIFIC FINL,CPF
CEPHEID INC,CPHD
CHESAPEAKE UTILITIES,CPK
CALIFORNIA PIZZA KITCHE,CPKI
CAPELLA EDUCATION CO,CPLA
CALPINE CORP,CPN
CORN PRODS INTERNATIONA,CPO
COPART INC,CPRT
COMPUTER PROGRAMS & SYS,CPSI
CAPSTONE TURBINE CORP,CPST
CAMDEN PROPERTY TRUST,CPT
CONCEPTUS INC,CPTS
COST PLUS INC,CPWM
COMPUWARE CORP,CPWR
COMPLETE PRODUCTION SER,CPX
CHIQUITA BRANDS INTL IN,CQB
CRANE CO,CR
CRA INTERNATIONAL INC,CRAI
CRAY INC,CRAY
CELL THERAPEUTICS INC,CTIC
CENTURYLINK INC,CTL
CONSOLIDATED TOMOKA LAN,CTO
CITI TRENDS INC,CTRN
CTS CORP,CTS
COGNIZANT TECH SOLUTION,CTSH
CONNECTICUT WATER SVC,CTWS
CITRIX SYSTEMS INC,CTXS
CUBIC CORP,CUB
COUSINS PROPERTIES INC,CUZ
CENTRAL VERMONT PUB SVC,CV
COVANTA  HOLDING CORP,CVA
CVB FINANCIAL CORP,CVBF
CABLEVISION SYSTEMS COR,CVC
CAVCO INDUSTRIES INC,CVCO
COVANCE INC,CVD
CONVERGYS CORP,CVG
COMMERCIAL VEH GROUP IN,CVGI
CALAVO GROWERS INC,CVGW
COVENTRY HEALTH CARE,CVH
CVR ENERGY INC,CVI
COMMVAULT SYSTEMS INC,CVLT
CENVEO INC,CVO
CVS/CAREMARK CORP,CVS
COVENANT TRANS GRP INC,CVTI
CHEVRON CORP,CVX
CURTISS WRIGHT CORP,CW
CONSOLIDATED WATER CO,CWCO
WILLIAMS CLAYTON ENERGY,CWEI
COMMONWEALTH REIT,CWH
CASELLA WASTE SYSTEMS,CWST
CALIFORNIA WTR SVC GRP,CWT
COLDWATER CREEK INC,CWTR
CONCHO RESOURCES INC,CXO
CRIMSON EXPLORATION INC,CXPO
CREXUS INVESTMENT CORP,CXS
CORRECTIONS CORP OF AME,CXW
CYPRESS SEMICONDUCTOR,CY
CYBERONICS INC,CYBX
COMMUNITY HEALTH SYSTEM,CYH
CYMER INC,CYMI
QUEST DIAGNOSTICS INC,DGX
D R HORTON INC,DHI
DIAMOND HILL INVESTMENT,DHIL
DANAHER CORP,DHR
DHT HOLDINGS INC,DHT
DICE HOLDINGS INC,DHX
DINEEQUITY INC,DIN
DIODES INC,DIOD
DISNEY WALT CO,DIS
DISCOVERY COMMUNICATNS,DISCA
DISH NETWORK CORP,DISH
DELEK US HLDGS INC,DK
DICKS SPORTING GOODS IN,DKS
DELTA APPAREL INC,DLA
DOLBY LABORATORIES INC,DLB
DIALOGIC INC,DLGC
DOLLAR FINANCIAL CORP,DLLR
DIGITAL REALTY TRUST IN,DLR
DOLLAR TREE INC,DLTR
DELUXE CORP,DLX
DOLAN COMPANY,DM
DEMANDTEC INC,DMAN
DEMAND MEDIA INC,DMD
DIAMOND FOODS INC,DMND
DIGIMARC CORPORATION,DMRC
DUN & BRADSTREET CORP,DNB
DANVERS BANCORP INC,DNBK
DENDREON CORP,DNDN
DENBURY RESOURCES INC,DNR
DIAMOND OFFSHR DRILLING,DO
DOLE FOOD CO INC,DOLE
DORMAN PRODUCTS INC,DORM
DOVER CORP,DOV
DOW CHEMICAL CO,DOW
AMDOCS LTD,DOX
DPL INC,DPL
DR PEPPER SNAPPLE GROUP,DPS
DOMINOS PIZZA INC,DPZ
DRESSER-RAND GROUP INC,DRC
DYNAMICS RESEARCH CORP,DRCO
DUKE REALTY CORP,DRE
US ECOLOGY INC,ECOL
ENCORE CAPITAL GROUP IN,ECPG
ENDOCYTE INC,ECYT
CONSOLIDATED EDISON INC,ED
EMPIRE DISTRICT ELECTRI,EDE
EDUCATION MGMT CORP,EDMC
EDUCATION REALTY TRUST,EDR
EL PASO ELECTRIC CO,EE
EURONET WORLDWIDE INC,EEFT
EDELMAN FINANCIAL GROUP,EF
ELECTRONICS FOR IMAGING,EFII
ENTERPRISE FINL SERVICE,EFSC
EQUIFAX INC,EFX
EAGLE BANCORP INC,EGBN
8X8 INC NEW,EGHT
EAGLE BULK SHIPPING INC,EGLE
ENERGEN CORP,EGN
NIC INC,EGOV
EASTGROUP PROPERTIES IN,EGP
VAALCO ENERGY INC,EGY
EHEALTH INC,EHTH
EMPLOYERS HOLDINGS INC,EIG
EDISON INTERNATIONAL,EIX
EASTMAN KODAK CO,EK
ESTEE LAUDER COMPANIES,EL
ENDOLOGIX INC,ELGX
ELLIE MAE INC,ELLI
EMS TECHNOLOGIES INC,ELMG
EARTHLINK INC,ELNK
ECHELON CORP,ELON
ELECTRO RENT CORP,ELRC
EQUITY LIFESTYLE PROP,ELS
EMULEX CORP,ELX
CALLAWAY GOLF CO,ELY
EMDEON INC,EM
EMAGIN CORP,EMAN
E M C CORP,EMC
EMC INS GROUP INC,EMCI
EMCOR GROUP INC,EME
EMCORE CORP,EMKR
EASTMAN CHEMICAL CO,EMN
ESSA BANCORP INC,ESSA
ESSEX RENT CORP,ESSX
E TRADE FINANCIAL CORP,ETFC
ETHAN ALLEN INTERIORS,ETH
ENTERCOM COMMUNICATIONS,ETM
EATON CORP,ETN
ENTERGY CORP,ETR
EATON VANCE CORP,EV
ENTRAVISION COMM,EVC
EVERCORE PARTNERS,EVR
EDWARDS LIFESCIENCES,EW
EAST WEST BANCORP INC,EWBC
EXACTECH INC,EXAC
EXAMWORKS GROUP INC,EXAM
EXAR CORP,EXAR
EXACT SCIENCES CORP,EXAS
CORPORATE EXECUTIVE,EXBD
EXELON CORP,EXC
EXELIXIS INC,EXEL
EXTERRAN HOLDINGS INC,EXH
EXCEL TR INC,EXL
EXLSERVICE HOLDINGS INC,EXLS
EXCEL MARITIME CARRIERS,EXM
EAGLE MATERIALS INC,EXP
EXPEDITORS INTL OF WASH,EXPD
EXPEDIA INC,EXPE
EXPONENT INC,EXPO
EXPRESS INC,EXPR
EXTRA SPACE STORAGE INC,EXR
EXTREME NETWORKS INC,EXTR
ENERGY XXI (BERMUDA) LT,EXXI
EZCORP INC,EZPW
FORD MOTOR CO,F
FIRST AMERICAN FINL COR,FAF
FALCONSTOR SOFTWARE,FALC
FARMER BROS CO,FARM
FARO TECHNOLOGIES INC,FARO
FASTENAL CO,FAST
FLAGSTAR BANCORP INC,FBC
FBR & CO,FBCM
FURNITURE BRANDS INTL,FBN
NATIONAL BEVERAGE CORP,FIZZ
FOOT LOCKER INC,FL
FLUIDIGM CORP,FLDM
FIRST LONG ISLAND CORP,FLIC
FLIR SYSTEMS INC,FLIR
FLOWERS FOODS INC,FLO
FLOW INTL CORP,FLOW
FLUOR CORP,FLR
FLOWSERVE CORP,FLS
FLEETCOR TECHNOLOGIES,FLT
1-800 FLOWERS COM,FLWS
FIRST MIDWEST BANCORP,FMBI
FMC CORP,FMC
FIRST MARBLEHEAD CORP,FMD
FIRSTMERIT CORP,FMER
FABRINET,FN
FNB CORP,FNB
FIDELITY NATIONAL FINL,FNF
FIRST NIAGARA FINL GRP,FNFG
FINANCIAL ENGINES INC,FNGN
FIRST BANCORP INC,FNLC
FINISAR CORP,FNSR
FORTUNE BRANDS INC,FO
FERRO CORP,FOE
AMICUS THERAPEUTICS INC,FOLD
FORESTAR GROUP INC,FOR
FORMFACTOR INC,FORM
FORRESTER RESEARCH INC,FORR
FOSSIL INC,FOSL
FPIC INSURANCE GROUP IN,FPIC
FIRST POTOMAC REALTY TR,FPO
FIRST PACTRUST BANCORP,FPTB
FIRST INDUSTRIAL RLTY T,FR
FIRST REP BK SAN FRAN,FRC
FREDS INC,FRED
FORTEGRA FINANCIAL CORP,FRF
FURMANITE  CORP,FRM
FIRST MERCHANTS CORP,FRME
FRANKLIN FINL CORP VA,FRNK
FRONTLINE LTD,FRO
FAIRPOINT COMMUNICATION,FRP
GAIN CAPITAL HLDNGS INC,GCAP
GANNETT INC,GCI
GENESCO INC,GCO
GLOBECOMM SYSTEMS INC,GCOM
GENERAL DYNAMICS CORP,GD
GARDNER DENVER INC,GDI
GREEN DOT CORP,GDOT
GOODRICH PETROLEUM CORP,GDP
GENERAL ELECTRIC CO,GE
GREIF INC,GEF
GENON ENERGY INC,GEN
GEO GROUP INC,GEO
GEORESOURCES INC,GEOI
GEOEYE INC,GEOY
GERON CORP,GERN
GUESS INC,GES
GAYLORD ENTMT CO,GET
GEVO INC,GEVO
GRIFFON CORP,GFF
GFI GROUP INC,GFIG
GEORGIA GULF CORP,GGC
GRACO INC,GGG
GENERAL GROWTH PPTYS IN,GGP
GLOBAL GEOPHYSICAL SVCS,GGS
GENOMIC HEALTH INC,GHDX
GREENHILL & CO INC,GHL
GRAHAM CORP,GHM
GULF ISLAND FABRICATION,GIFI
G-III APPAREL GROUP LTD,GIII
GILEAD SCIENCES INC,GILD
GENERAL MILLS INC,GIS
GEEKNET INC,GKNT
G&K SERVICES INC,GKSR
GLADSTONE CAPITAL CORP,GLAD
GLOBAL CROSSING LTD,GLBC
GLOBAL INDUSTRIES LTD,GLBL
GLEACHER & COMPANY INC,GLCH
GREAT LAKES DREDGE & DO,GLDD
GULFMARK OFFSHORE INC,GLF
GOLAR LNG LTD BERMUDA,GLNG
GLOBAL POWER EQUIPMENT,GLPW
GLIMCHER REALTY TRUST,GRT
GOLDMAN SACHS GROUP INC,GS
GLOBALSTAR INC,GSAT
GREAT SOUTHERN BANCORP,GSBC
GSI GROUP INC CDA NEW,GSIG
GSI TECHNOLOGY,GSIT
GLOBE SPECIALTY METALS,GSM
GLOBAL SOURCES LTD,GSOL
GOLDEN STAR RES LTD CDA,GSS
GASTAR EXPL LTD,GST
GOODYEAR TIRE & RUBBER,GT
GRAFTECH INTL LTD,GTI
GENTIVA HEALTH SERVICES,GTIV
CHART INDUSTRIES INC,GTLS
GRAY TELEVISION INC,GTN
TRIPLE-S MANAGEMENT COR,GTS
GTX INC,GTXI
GETTY REALTY CORP,GTY
GUIDANCE SOFTWARE INC,GUID
GRANITE CONSTR INC,GVA
GENESEE & WYOMING INC,GWR
GRAINGER W W INC,GWW
GREAT PLAINS ENERGY INC,GXP
GENCORP INC,GY
HYATT HOTELS CORP,H
HAWAIIAN HOLDINGS INC,HA
HAEMONETICS CORP,HAE
HANMI FINANCIAL CORP,HAFC
HAIN CELESTIAL GROUP,HAIN
HALLIBURTON CO,HAL
HALLMARK FINL SVCS INC,HALL
HALOZYME THERAPEUTICS,HALO
HANSEN NAT CORP,HANS
HARMAN INTERNATIONAL IN,HAR
HASBRO INC,HAS
HAYNES INTERNATIONAL IN,HAYN
HUNTINGTON BANCSHARES,HBAN
HANCOCK HOLDING CO,HBHC
HANESBRAND INC,HBI
HARVARD BIOSCIENCE INC,HBIO
HCA HOLDINGS INC,HCA
HEALTH MGMT ASSOC INC,HMA
HOME PROPERTIES INC,HME
HORACE MANN EDUCATORS,HMN
HAMPTON ROADS BANKSHARE,HMPR
HMS HOLDINGS CORP,HMSY
HANDY & HARMAN HLDGS LT,HNH
HNI CORPORATION,HNI
HARVEST NATURAL RES,HNR
HALLADOR ENERGY CO,HNRG
HANSEN MEDICAL INC,HNSN
HEALTH NET INC,HNT
HEINZ H J CO,HNZ
HOLLY CORP,HOC
HARLEY DAVIDSON INC,HOG
HOLOGIC INC,HOLX
HOME BANCSHARES INC,HOMB
HOME FEDERAL BANCORP,HOME
HONEYWELL INTERNATIONAL,HON
CRAFT BREWERS ALLIANCE,HOOK
HORNBECK OFFSHORE SVCS,HOS
STARWOOD HOTELS & RESRT,HOT
HOT TOPIC INC,HOTT
HOVNANIAN ENTERPRISES,HOV
HELMERICH & PAYNE INC,HP
HUDSON PAC PPTYS INC,HPP
HEWLETT PACKARD CO,HPQ
HOSPITALITY PPTYS TRUST,HPT
HEARTLAND PAYMENT SYS,HPY
HEALTHCARE REALTY TRUST,HR
BLOCK H & R INC,HRB
HILL-ROM HOLDINGS INC,HRC
HARBINGER GROUP INC,HRG
HORMEL FOODS CORP,HRL
HARRIS CORP,HRS
HEALTHSPRING INC,HS
HARSCO CORP,HSC
SCHEIN HENRY INC,HSIC
HEIDRICK & STRUGGLES,HSII
HSN INC,HSNI
HOSPIRA INC,HSP
HOST HOTELS & RESORTS,HST
ICU MEDICAL INC,ICUI
L-1 IDENTITY SOLUTIONS,ID
IDACORP INC,IDA
INTERDIGITAL INC,IDCC
IDENIX PHARMACEUTICALS,IDIX
IDT CORP,IDT
INTEGRATED DEVICE TECH,IDTI
IDEXX LABS INC,IDXX
IDEX CORP,IEX
INTL FLAVORS & FRAGRANC,IFF
INTERFACE INC,IFSIA
IMPERIAL HOLDINGS INC,IFT
INTL GAME TECHNOLOGY,IGT
IGATE CORP,IGTE
INDEPENDENCE HOLDING CO,IHC
IHS INC,IHS
INSTEEL INDUSTRIES INC,IIIN
INTERVAL LEISURE GRP IN,IILG
II VI INC,IIVI
INTRALINKS HLDGS INC,IL
ILLUMINA INC,ILMN
INGRAM MICRO INC,IM
IMMUNOGEN INC,IMGN
INGLES MARKETS INC,IMKTA
IMMERSION CORP,IMMR
IMMUNOMEDICS INC,IMMU
IMATION CORP,IMN
INTERMEC INC,IN
INTERNAP NETWORK SVCS C,INAP
INCYTE CORP,INCY
INDEPENDENT BANK MA,INDB
INFORMATICA CORP,INFA
INFINITY PHARMACEUTICAL,INFI
INFINERA CORP,INFN
INHIBITEX INC,INHX
INTERACTIVE INTELLIGENC,ININ
SUMMIT HOTEL PROPER,INN
INSMED INC,INSM
INFOSPACE INC,INSP
INSITUFORM TECHNOLOGIES,INSU
WORLD FUEL SVCS CORP,INT
INVESTMENT TECHNOLOGY,ITG
INTERMUNE INC,ITMN
ITRON INC,ITRI
ITT CORPORATION,ITT
ILLINOIS TOOL WORKS INC,ITW
INTEVAC INC,IVAC
INVACARE CORP,IVC
INVESCO MORTGAGE CAP,IVR
INVESCO LTD,IVZ
IXYS CORP,IXYS
JACK IN THE BOX INC,JACK
JAGUAR MNG INC,JAG
JARDEN CORP,JAH
JAKKS PACIFIC INC,JAKK
JAZZ PHARMACEUTICALS IN,JAZZ
HUNT J B TRANS SVCS,JBHT
JABIL CIRCUIT INC,JBL
JETBLUE AIRWAYS CORP,JBLU
JOHN BEAN TECH CORP,JBT
JOHNSON CONTROLS INC,JCI
J2 GLOBAL COMMUNICATION,JCOM
PENNEY J C INC,JCP
COMMUNICATIONS SYSTEMS,JCS
JDA SOFTWARE GROUP INC,JDAS
JDS UNIPHASE CORP,JDSU
JACOBS ENGINEERING GRP,JEC
JEFFERIES GROUP INC,JEF
J & J SNACK FOODS CO,JJSF
HENRY JACK & ASSOCIATES,JKHY
JONES LANG LASALLE INC,JLL
JAMBA INC,JMBA
JMP GROUP INC,JMP
JOHNSON & JOHNSON,JNJ
JUNIPER NETWORKS INC,JNPR
JANUS CAPITAL GROUP INC,JNS
THE JONES GROUP INC,JNY
ST JOE CO,JOE
JOS A BANK CLOTHIERS IN,JOSB
JOHNSON OUTDOORS INC,JOUT
JOY GLOBAL INC,JOYG
JPMORGAN CHASE & CO,JPM
KINDRED HEALTHCARE INC,KND
KENDLE INTERNATIONAL IN,KNDL
KNOLL INC,KNL
KNOLOGY INC,KNOL
KNOT INC,KNOT
KENSEY NASH CORP,KNSY
KNIGHT TRANSPORTATION,KNX
KENEXA CORP,KNXA
COCA COLA CO,KO
KODIAK OIL & GAS CORP,KOG
KOPPERS HOLDINGS INC,KOP
KOPIN CORP,KOPN
KOSMOS ENERGY LTD,KOS
KROGER CO,KR
KRATON PERF POLYMERS,KRA
KILROY REALTY CORP,KRC
KITE REALTY GROUP TRUST,KRG
KEARNY FINANCIAL CORP,KRNY
KRONOS WORLDWIDE INC,KRO
KAPSTONE PAPER & PACKAG,KS
KOHLS CORP,KSS
KANSAS CITY SOUTHERN,KSU
K-SWISS INC,KSWS
KRATOS DEFENSE & SEC SO,KTOS
K V PHARMACEUTICAL CO,KV.A
KVH INDUSTRIES INC,KVHI
KENNEDY-WILSON HLDGS IN,KW
QUICKSILVER RESOURCES,KWK
QUAKER CHEMICAL CORP,KWR
LOEWS CORP,L
MULTI COLOR CORP,LABL
LITHIA MOTORS INC,LAD
LAMAR ADVERTISING CO,LAMR
LANCASTER COLONY CORP,LANC
MAGMA DESIGN AUTOMATION,LAVA
LAWSON PRODUCTS INC,LAWS
LAYNE CHRISTENSEN CO,LAYN
LAZARD LTD,LAZ
LABARGE INC,LB
LAKELAND BANCORP INC,LBAI
LIBERTY GLOBAL INC,LBTYA
SNYDER'S-LANCE INC,LNCE
LINCARE HOLDINGS INC,LNCR
LANDEC CORP,LNDC
CHENIERE ENERGY INC,LNG
LINKEDIN CORP,LNKD
LINDSAY CORP,LNN
ALLIANT ENERGY CORP,LNT
LORILLARD INC,LO
LOGMEIN INC,LOGM
LOOPNET INC,LOOP
GRAND CANYON EDUCATION,LOPE
LORAL SPACE & COMM,LORL
LOWES COS INC,LOW
LPL INVT HLDGS INC,LPLA
LIFEPOINT HOSPITALS,LPNT
LENDER PROCESSING SVCS,LPS
LIVEPERSON INC,LPSN
LOUISIANA PACIFIC CORP,LPX
LIQUIDITY SERVICES INC,LQDT
LAM RESEARCH CORP,LRCX
K12 INC,LRN
LIBERTY PROPERTY TRUST,LRY
LATTICE SEMICONDUCTOR,LSCC
CAPLEASE INC,LSE
LSI CORPORATION,LSI
LANDSTAR SYSTEMS INC,LSTR
LIBERTY STARZ,LSTZA
LTC PROPERTIES INC,LTC
LIMITED BRANDS INC,LTD
LIFE TIME FITNESS INC,LTM
LADENBURG THALMAN FIN,LTS
LTX-CREDENCE CORP,LTXC
LUBYS INC,LUB
LUFKIN INDUSTRIES INC,LUFK
LEUCADIA NATIONAL CORP,LUK
SOUTHWEST AIRLINES CO,LUV
STEINWAY MUSICAL INS,LVB
LEVEL 3 COMMUNICATIONS,LVLT
LAS VEGAS SANDS CORP,LVS
LIFEWAY FOODS INC,LWAY
LAWSON SOFTWARE INC,LWSN
MARCUS CORP,MCS
MERCURY GENERAL CORP,MCY
MEDNAX INC,MD
MEDASSETS INC,MDAS
MDC HOLDINGS INC,MDC
MDC CORP,MDCA
MEDICAL ACTION INDS INC,MDCI
MEDICINES CO,MDCO
METROPOLITAN HEALTH NET,MDF
MEDIAMIND TECH INC,MDMD
MEREDITH CORP,MDP
MCDERMOTT INTL INC,MDR
ALLSCRIPTS HEALTHCARE,MDRX
MEDIDATA SOLUTIONS INC,MDSO
MEDTRONIC INC,MDT
MEDCATH CORP,MDTH
MDU RESOURCES GROUP INC,MDU
MEDIVATION INC,MDVN
MIDWAY GOLD CORP,MDW
METALICO INC,MEA
MEASUREMENT SPECIALTIES,MEAS
MEDIFAST INC,MED
MEDQUIST HLDGS INC,MEDH
METHODE ELECTRS INC,MEI
MENTOR GRAPHICS CORP,MENT
MERU NETWORKS INC,MERU
METLIFE INC,MET
METRO BANCORP INC,METR
MF GLOBAL HOLDINGS LTD,MF
MFA FINANCIAL INC,MFA
MAIDENFORM BRANDS INC,MFB
MULTI-FINELINE ELECTRON,MFLX
M & F WORLDWIDE CORP,MFW
MISTRAS GROUP INC,MG
MULTIMEDIA GAMES HLD CO,MGAM
MGE ENERGY INC,MGEE
MONEYGRAM INTERNATIONAL,MGI
MAGELLAN HEALTH SVCS IN,MGLN
MGM RESORTS INTL,MGM
MGP INGREDIENTS INC,MGPI
MCGRATH RENTCORP,MGRC
MOLEX INC,MOLX
MONSANTO CO,MON
MORNINGSTAR INC,MORN
MOSAIC COMPANY,MOS
MOSYS INC,MOSY
MOTRICITY INC,MOTR
MOVADO GROUP INC,MOV
MOVE INC,MOVE
MOTORCAR PTS AMERICA IN,MPAA
MPG OFFICE TRUST INC,MPG
MET-PRO CORP,MPR
MEDICAL PROPERTIES TRUS,MPW
MONOLITHIC POWER SYSTEM,MPWR
MARINE PRODUCTS CORP,MPX
MERCURY COMPUTER SYSTEM,MRCY
MERGE HEALTHCARE INC,MRGE
MONTPELIER RE HOLDINGS,MRH
MERCK & CO INC,MRK
MARLIN BUSINESS SVCS,MRLN
MARATHON OIL CORP,MRO
MARTEN TRANS LTD,MRTN
MARVELL TECHNOLOGY GROU,MRVL
MEDICIS PHARMACEUTICAL,MRX
MORGAN STANLEY,MS
MINE SAFETY APPLIANCES,MSA
MICROSEMI CORP,MSCC
MSCI INC,MSCI
MIDDLESEX WATER CO,MSEX
MAINSOURCE FINANCIAL GR,MSFG
MICROSOFT CORP,MSFT
MADISON SQUARE GARDEN,MSG
MOTOROLA SOLUTIONS INC,MSI
MIDSOUTH BANCORP INC,MSL
MSC INDL DIRECT INC,MSM
MARTHA STEWART LIVING,MSO
MINDSPEED TECHNOLOGIES,MSPD
MCCORMICK & SCHMICKS,MSSR
MICROSTRATEGY INC,MSTR
MISSION WEST PROPERTIES,MSW
M & T BANK CORP,MTB
METTLER TOLEDO INTL INC,MTD
NOBLE ENERGY INC,NBL
NABORS INDUSTRIES LTD,NBR
NEOSTEM INC,NBS
NBT BANCORP INC,NBTB
NACCO INDUSTRIES INC,NC
NAVIGANT CONSULTING INC,NCI
NCI INC,NCIT
NATIONAL CINEMEDIA INC,NCMI
NCR CORP,NCR
NCI BUILDING SYSTEMS IN,NCS
NEWCASTLE INVT CORP,NCT
NASDAQ OMX GROUP INC,NDAQ
99 CENTS ONLY STORES,NDN
NORDSON CORP,NDSN
NEXTERA ENERGY INC,NEE
NEWMONT MINING CORP,NEM
NEOGEN CORP,NEOG
NEOPROBE CORP,NEOP
NETLOGIC MICROSYSTEMS,NETL
NEWMARKET CORPORATION,NEU
NEWPORT CORP,NEWP
NEWSTAR FINANCIAL INC,NEWS
NORTHFIELD BANCORP INC,NFBK
NATIONAL FUEL GAS CO,NFG
NETFLIX INC,NFLX
NATIONAL FINL PARTNERS,NFP
NEWFIELD EXPLORATION CO,NFX
NGP CAPITAL RESOURCES,NGPC
NATURAL GAS SERVICES GR,NGS
NATIONAL HEALTHCARE COR,NHC
NATIONAL HEALTH INVS IN,NHI
NATIONWIDE HEALTH PPTYS,NHP
NISOURCE INC,NI
NICHOLAS FINANCIAL INC,NICK
NII HOLDINGS INC,NIHD
BLUE NILE INC,NILE
NEW JERSEY RESOURCES,NJR
NIKE INC,NKE
NATIONAL BANKSHARES INC,NKSH
NEKTAR THERAPEUTICS,NKTR
NL INDUSTRIES INC,NL
NUVASIVE INC,NUVA
NOVAVAX INC,NVAX
NVIDIA CORP,NVDA
NV ENERGY INC,NVE
NVE CORP,NVEC
NOVELLUS SYSTEMS INC,NVLS
NVR INC,NVR
NOVATEL WIRELESS INC,NVTL
NORTHWEST BANCSHARES IN,NWBI
NORTHWESTERN CORP,NWE
NEWELL RUBBERMAID INC,NWL
NATIONAL WESTRN LIFE IN,NWLI
NORTHWEST NATURAL GAS C,NWN
NORTHWEST PIPE CO,NWPX
NEWS CORP,NWSA
NEW YORK & CO INC,NWY
QUANEX BUILDING PRODUCT,NX
NEXSTAR BROADCASTING GR,NXST
NXSTAGE MEDICAL INC,NXTM
NEW YORK CMNTY BANCORP,NYB
NYMOX PHARMACEUTICAL,NYMX
NEW YORK TIMES CO,NYT
NYSE EURONEXT,NYX
REALTY INCOME CORP,O
OMNIAMERICAN BANCORP IN,OABC
OASIS PETE INC,OAS
ONEBEACON INSURANCE GRP,OB
OWENS CORNING NEW,OC
OCEANFIRST FINANCIAL,OCFC
OCLARO INC,OCLR
OCWEN FINANCIAL CORP,OCN
OMNICARE INC,OCR
OCZ TECHNOLOGY GROUP IN,OCZ
OIL DRI CORP OF AMERICA,ODC
OLD DOMINION FREIGHT,ODFL
OFFICE DEPOT INC,ODP
ORIENT-EXPRESS HOTELS,OEH
CORPORATE OFFICE PPTYS,OFC
ORIENTAL FINANCIAL GROU,OFG
ORTHOFIX INTL N V,OFIX
OMEGA FLEX INC,OFLX
ORRSTOWN FINL SVCS INC,ORRF
OVERSEAS SHIPHOLDNG GRP,OSG
OSIRIS THERAPEUTICS,OSIR
OSI SYSTEMS INC,OSIS
OSHKOSH CORP,OSK
OVERSTOCK COM INC,OSTK
ORASURE TECHNOLOGIES IN,OSUR
OTTER TAIL CORP,OTTR
OUTDOOR CHANNEL HLDGS,OUTD
OMNIVISION TECHNOLOGIES,OVTI
ORBITZ WORLDWIDE INC,OWW
OXFORD INDUSTRIES INC,OXM
OPTIONSXPRESS HOLDINGS,OXPS
OCCIDENTAL PETE CORP,OXY
OYO GEOSPACE CORP,OYOG
BANK OF THE OZARKS INC,OZRK
PACIFIC BIOSCIENCES CA,PACB
PACER INTERNATIONAL INC,PACR
PACWEST BANCORP,PACW
PAETEC HOLDING CORP,PAET
PENSKE AUTOMOTIVE GROUP,PAG
UNIVERSAL DISPLAY CORP,PANL
PATRIOT TRANSPORTATION,PATR
VERIFONE SYSTEMS INC,PAY
PAYCHEX INC,PAYX
PEOPLES UNITED FINANCIA,PBCT
PRESTIGE BRANDS HOLDING,PBH
PITNEY BOWES INC,PBI
PROVIDENT NY BANCORP,PBNY
PEP BOYS MANNY MOE&J,PBY
PACCAR INC,PCAR
PACIFIC CAPITAL BANCORP,PCBC
PACIFIC CONTINENTAL COR,PCBK
P C CONNECTION,PCCC
PG&E CORP,PCG
POTLATCH CORP,PCH
PLUM CREEK TIMBER CO IN,PCL
PRICELINE COM INC,PCLN
PRECISION CASTPARTS,PCP
PACIRA PHARMACEUTICALS,PCRX
METROPCS COMMUNICATIONS,PCS
PACKAGING CORP OF AMER,PKG
PERKINELMER INC,PKI
PARK OHIO HOLDINGS CORP,PKOH
PROCERA NETWORKS INC,PKT
PARKWAY PROPERTIES INC,PKY
PROTECTIVE LIFE CORP,PL
PHOTRONICS INC,PLAB
CHILDRENS PLACE RETAIL,PLCE
POLYCOM INC,PLCM
PROLOGIS INC,PLD
PRESIDENTIAL LIFE CORP,PLFE
PALL CORP,PLL
DOUGLAS DYNAMICS INC,PLOW
PREFORMED LINE PRODUCTS,PLPC
PLANTRONICS INC,PLT
EPLUS INC,PLUS
PLEXUS CORP,PLXS
PLX TECHNOLOGY INC,PLXT
PHILIP MORRIS INTL,PM
PHARMERICA CORP,PMC
PMC-SIERRA INC,PMCS
PMFG INC,PMFG
PMI GROUP INC,PMI
PENNYMAC MORTGAGE INV,PMT
PARAMETRIC TECHNOLOGY,PMTC
PALOMAR MEDICAL TECH,PMTI
PNC FINANCIAL SVCS GROU,PNC
PINNACLE FINANCIAL,PNFP
PINNACLE ENTMT INC,PNK
PNM RESOURCES INC,PNM
PENNANTPARK INVT CORP,PNNT
PENNICHUCK CORP,PNNW
PENTAIR INC,PNR
PANERA BREAD CO,PNRA
PINNACLE WEST CAPITAL C,PNW
PHOENIX COMPANIES INC,PNX
PIEDMONT NAT GAS INC,PNY
INSULET CORP,PODD
POLYONE CORP,POL
PEPCO HOLDINGS INC,POM
POOL CORP,POOL
PSS WORLD MEDICAL INC,PSSI
PARK STERLING CORP,PSTB
PACIFIC SUNWEAR OF CALI,PSUN
PATTERSON UTI ENERGY,PTEN
PAIN THERAPEUTICS IN,PTIE
PLATINUM UNDERWRITER HL,PTP
PANTRY INC,PTRY
PERNIX THERAPEUTICS HLD,PTX
PULSE ELECTRONICS CORP,PULS
PENN VIRGINIA CORP,PVA
PHILLIPS VAN HEUSEN,PVH
PRIVATEBANCORP INC,PVTB
POWERWAVE TECHNOLOGIES,PWAV
POWER-ONE INC,PWER
PENNS WOODS BANCORP INC,PWOD
QUANTA SERVICES INC,PWR
PRAXAIR INC,PX
PIONEER NAT RESOURCES C,PXD
PLAINS EXPLORATION & PR,PXP
PARAMOUNT GOLD & SILVER,PZG
PZENA INVESTMENT MGMT,PZN
PAPA JOHNS INTERNATIONA,PZZA
QAD INC,QADA
QUALCOMM INC,QCOM
QUESTCOR PHARM INC,QCOR
QUIDEL CORP,QDEL
QEP RESOURCES INC,QEP
QIAGEN NV,QGEN
QLOGIC CORP,QLGC
QLIK TECHNOLOGIES INC,QLIK
QUALITY DISTRIBUTION IN,QLTY
QUINSTREET INC,QNST
QUEPASA CORP,QPSA
QUEST SOFTWARE INC,QSFT
QUALITY SYSTEMS INC,QSII
QUANTUM CORP,QTM
QUAD / GRAPHICS INC,QUAD
RYDER SYSTEM INC,R
RAILAMERICA INC,RA
RITE AID CORP,RAD
RADIANT SYSTEMS INC,RADS
REPUBLIC AIRWAYS HLD,RJET
RAYMOND JAMES FINANCIAL,RJF
ROCK-TENN CO,RKT
POLO RALPH LAUREN CO,RL
REALD INC,RLD
RED LION HOTELS CORP,RLH
RLI CORP,RLI
RLJ LODGING TR,RLJ
REACHLOCAL INC,RLOC
RENAISSANCE LEARNING IN,RLRN
RAMBUS INC,RMBS
RESMED INC,RMD
ROCKWELL MEDICAL TECH,RMTI
RIGNET INC,RNET
RIGHTNOW TECHNOLOGIES,RNOW
RENAISSANCERE HOLDINGS,RNR
RENASANT CORP,RNST
REALNETWORKS INC,RNWK
ROCKWOOD HOLDINGS INC,ROC
GIBRALTAR INDUSTRIES IN,ROCK
ROGERS CORP,ROG
RETAIL OPPORTUNITY INVT,ROIC
ROCKWELL AUTOMATION INC,ROK
ROLLINS INC,ROL
RBC BEARINGS INC,ROLL
ROMA FINANCIAL CORP,ROMA
ROPER INDUSTRIES INC,ROP
ROSETTA RESOURCES INC,ROSE
ROSS STORES INC,ROST
ROVI CORPORATION,ROVI
REALPAGE INC,RP
RPM INTERNATIONAL INC,RPM
RAMCO-GERSHENSON PPTYS,RPT
RAPTOR PHARMACEUTICAL,RPTP
RPX CORP,RPXC
RANGE RESOURCES CORP,RRC
DONNELLEY R R & SONS CO,RRD
RED ROBIN GOURMET BURGE,RRGB
RSC HOLDINGS INC,RRR
ROADRUNNER TRNSN SVCS,RRTS
RELIANCE STEEL & ALUM,RS
SIGNATURE BANK,SBNY
SABRA HEALTH CARE REIT,SBRA
SOUTHSIDE BANCSHARES IN,SBSI
STARBUCKS CORP,SBUX
SEABRIGHT HOLDINGS INC,SBX
SCBT FINANCIAL CORP,SCBT
SOUTHERN COPPER CORP,SCCO
SCANA CORP,SCG
SCHOLASTIC CORP,SCHL
SCHNITZER STEEL INDS,SCHN
SCHOOL SPECIALTY INC,SCHS
SCHWAB CHARLES CORP,SCHW
SERVICE CORP INTL,SCI
STEPAN CO,SCL
SCICLONE PHARMACEUTICAL,SCLN
SUCAMPO PHARMA,SCMP
SYCAMORE NETWORKS INC,SCMR
COMSCORE INC,SCOR
STEELCASE INC,SCS
SCANSOURCE INC,SCSC
SELECT COMFORT CORP,SCSS
SHOE CARNIVAL INC,SCVL
SANDRIDGE ENERGY INC,SD
SPECTRA ENERGY CORP,SE
SEACHANGE INTERNATIONAL,SEAC
SEABOARD CORP,SEB
SEALED AIR CORP,SEE
SPARTECH CORP,SEH
SEI INVESTMENTS CO,SEIC
SELECT MEDICAL HOLDINGS,SEM
SEMGROUP CORP,SEMG
SENECA FOODS CORP,SENEA
STIFEL FINANCIAL CORP,SF
SMITHFIELD FOODS INC,SFD
SAFEGUARD SCIENTIFICS,SFE
STANCORP FINANCIAL GROU,SFG
ISTAR FINANCIAL INC,SFI
SHIP FINANCE INTL,SFL
SHUTTERFLY INC,SFLY
SFN GROUP INC,SFN
SIMMONS FIRST NATIONAL,SFNC
SILICON LABORATORIES IN,SLAB
SCHLUMBERGER LTD,SLB
SARA LEE CORP,SLE
SL GREEN REALTY CORP,SLG
SILGAN HOLDINGS INC,SLGN
SOLERA HOLDINGS INC,SLH
SLM CORP,SLM
SOLAR CAPITAL LTD,SLRC
SOLTA MEDICAL INC,SLTM
SALIX PHARMACEUTICALS,SLXP
SM ENERGY CO,SM
SYMMETRY MEDICAL INC,SMA
SMART BALANCE INC,SMBL
SUPER MICRO COMPUTER IN,SMCI
SCOTTS MIRACLE-GRO CO,SMG
SMART MODULAR TECH,SMOD
STANDARD MOTOR PRODUCTS,SMP
STEIN MART INC,SMRT
STANDARD MICROSYSTEM,SMSC
SMITH MICRO SOFTWARE IN,SMSI
SEMTECH CORP,SMTC
SNAP ON INC,SNA
SUN BANCORP INC NJ,SNBC
SYNCHRONOSS TECHNOLOGY,SNCR
SANDISK CORP,SNDK
SENIOR HOUSING PPTYS TR,SNH
SUN HYDRAULICS CORP,SNHY
SCRIPPS NTWK INTERACTIV,SNI
SENOMYX INC,SNMX
SYNOPSYS INC,SNPS
SUNESIS PHARMACEUTICALS,SNSS
SYNTA PHARMA CORP,SNTA
SANTARUS INC,SNTS
SYNOVUS FINANCIAL CORP,SNV
SYNNEX CORP,SNX
SOUTHERN CO,SO
SOLUTIA INC,SOA
GT SOLAR INTERNATIONAL,SOLR
SONOCO PRODUCTS CO,SON
SONIC CORP,SONC
S1 CORPORATION,SONE
STEC INC,STEC
STEWART ENTERPRISES,STEI
STELLARONE CORP,STEL
STATE AUTO FINANCIAL,STFC
SUNTRUST BANKS INC,STI
ST JUDE MEDICAL INC,STJ
STERLING BANCORP,STL
STEEL DYNAMICS INC,STLD
STAMPS COM INC,STMP
SCORPIO TANKERS INC,STNG
STEINER LEISURE LTD,STNR
QUESTAR CORP,STR
STRAYER EDUCATION INC,STRA
STR HOLDINGS INC,STRI
STERLING CONSTRUCTION C,STRL
STERLING FINL CORP WASH,STSA
STATE STREET CORP,STT
STARWOOD PPTY TRUST INC,STWD
STEREOTAXIS INC,STXS
CONSTELLATION BRANDS,STZ
SUFFOLK BANCORP,SUBK
SOUTHERN UNION CO,SUG
SUN COMMUNITIES INC,SUI
SUMMER INFANT INC,SUMR
SUNOCO INC,SUN
SUN HEALTHCARE GROUP IN,SUNH
SOLAR SENIOR CAP LTD,SUNS
SUPERIOR INDUSTRIES INT,SUP
SUPERGEN INC,SUPG
SUPERTEX INC,SUPX
SYNERGETICS USA INC,SURG
SUREWEST COMMUNICATIONS,SURW
SUSQUEHANNA BANCSHARES,SUSQ
SUSSER HOLDINGS CORP,SUSS
SAVIENT PHARMACEUTICALS,SVNT
SUPERVALU INC,SVU
SAVVIS INC,SVVS
STILLWATER MINING CO,SWC
SWIFT TRANSN CO,SWFT
SMITH & WESSON HOLDING,SWHC
SOLARWINDS INC,SWI
TRICO BANCSHARES,TCBK
TAUBMAN CENTERS INC,TCO
THL CR INC,TCRD
TERADATA CORP,TDC
TRANSDIGM GROUP INC,TDG
TELEPHONE & DATA SYSTEM,TDS
TIDEWATER INC,TDW
TELEDYNE TECHNOLOGIES,TDY
TECO ENERGY INC,TE
TECH DATA CORP,TECD
TECHNE CORP,TECH
TECUMSEH PRODS CO,TECUA
INTEGRYS ENERGY GROUP,TEG
TENNECO INC,TEN
TERADYNE INC,TER
TESCO CORP,TESO
TEREX CORP,TEX
FRESH MARKET INC,TFM
TFS FINL CORP,TFSL
TELEFLEX INC,TFX
TREDEGAR CORP,TG
TEXTAINER GROUP HLDGS,TGH
TRIUMPH GROUP INC,TGI
TARGET CORP,TGT
TENET HEALTHCARE CORP,THC
FIRST FINANCIAL CORP,THFF
HANOVER INSURANCE GROUP,THG
THOR INDUSTRIES INC,THO
THORATEC CORP,THOR
THQ INC,THQI
THERMON GROUP HLDGS INC,THR
THERAVANCE INC,THRX
TREEHOUSE FOODS INC,THS
TIBCO SOFTWARE INC,TIBX
TICC CAPITAL CORP,TICC
TITANIUM METALS CORP,TIE
TIFFANY & CO,TIF
TEMPLE INLAND INC,TIN
HARRIS & HARRIS GROUP,TINY
TEAM INC,TISI
TITAN MACHINERY INC,TITN
TRINITY INDUSTRIES INC,TRN
TERRENO REALTY CORP,TRNO
TORNIER N V,TRNX
PRICE T ROWE GROUP INC,TROW
TRC COS INC,TRR
TRIMAS CORP,TRS
TRUSTCO BANK CORP NY,TRST
TRAVELERS COS INC,TRV
TRW AUTOMOTIVE HLDGS,TRW
TRACTOR SUPPLY CO,TSCO
TESLA MTRS INC,TSLA
TYSON FOODS INC,TSN
TESORO CORP,TSO
TRANSCEPT PHARM INC,TSPT
TESSERA TECHNOLOGIES IN,TSRA
TRIUS THERAPEUTICS INC,TSRX
TOTAL SYSTEM SERVICES,TSS
TELECOMMUNICATION SYSTE,TSYS
TORO CO,TTC
TELETECH HOLDINGS INC,TTEC
TETRA TECH INC,TTEK
TECHTARGET INC,TTGT
TETRA TECHNOLOGIES INC,TTI
TTM TECHNOLOGIES INC,TTMI
TAKE-TWO INTERACTIVE,TTWO
MAC-GRAY CORP,TUC
TUESDAY MORNING CORP,TUES
TUPPERWARE BRANDS CORP,TUP
LIN TV CORP,TVL
TOWERS WATSON & COMPANY,TW
TIME WARNER CABLE INC,TWC
TOWERSTREAM CORP,TWER
TOWER GROUP INC,TWGP
TITAN INTERNATIONAL INC,TWI
TWIN DISC INC,TWIN
TWO HBRS INVT CORP,TWO
TW TELECOM INC,TWTC
TIME WARNER INC,TWX
TEXAS INDUSTRIES INC,TXI
TEXAS INSTRUMENTS INC,TXN
TEXAS ROADHOUSE INC,TXRH
UNISOURCE ENERGY CORP,UNS
UNIT CORP,UNT
UNITED ONLINE INC,UNTD
UNITEK GLOBAL SVCS INC,UNTK
UROPLASTY INC,UPI
ULTRA PETROLEUM CORP,UPL
UNITED PARCEL SERVICE,UPS
URBAN OUTFITTERS INC,URBN
UR ENERGY INC,URG
UNITED RENTALS INC,URI
URANIUM RES INC,URRE
URS CORP,URS
URANERZ ENERGY CORP,URZ
UNIVERSAL STAINLESS & A,USAP
US BANCORP,USB
U S ENERGY CORP,USEG
U S G CORP,USG
UNITED STATES LIME & MI,USLM
UNITED STATES CELLULAR,USM
USA MOBILITY INC,USMO
USANA HEALTH SCIENCES,USNA
U S PHYSICAL THERAPY IN,USPH
UNITED STATIONERS INC,USTR
USEC INC,USU
ULTRATECH INC,UTEK
UNITED THERAPEUTICS,UTHR
UNIVERSAL TECHNICAL INS,UTI
UTI WORLDWIDE INC,UTIW
UNITIL CORP,UTL
UNITRIN INC,UTR
UNITED TECHNOLOGIES,UTX
UNIVERSAL INSURANCE,UVE
UNIVEST CORP OF PENN,UVSP
UNIVERSAL CORP,UVV
US GOLD CORP,UXG
VISA INC,V
VALSPAR CORP,VAL
VALUE LINE INC,VALU
VARIAN MEDICAL SYSTEMS,VAR
VASCULAR SOLUTIONS INC,VASC
VISTEON CORP,VC
VERISK ANALYTICS INC,VRSK
VERISIGN INC,VRSN
VIRTUS INVESTMENT PTNRS,VRTS
VIRTUSA CORP,VRTU
VERTEX PHARMACEUTICALS,VRTX
PHARMASSET INC,VRUS
VIASAT INC,VSAT
VARIAN SEMICONDUCTOR,VSEA
VSE CORP,VSEC
VISHAY INTERTECHNOLOGY,VSH
VITAMIN SHOPPE INC,VSI
VANTAGE DRILLING COMPAN,VTG
VENTAS INC,VTR
VECTREN CORP,VVC
VIAD CORP,VVI
VALUEVISION MEDIA INC,VVTV
VIVUS INC,VVUS
VERIZON COMMUNICATIONS,VZ
WABTEC CORP,WAB
WESTAMERICA BANCORP,WABC
WALTER INV MGMT CORP,WAC
WALGREEN CO,WAG
WESTERN ALLIANCE BANCOR,WAL
WASHINGTON TRUST BANCOR,WASH
WATERS CORP,WAT
WAVE SYSTEMS CORP,WAVX
WABCO HOLDINGS INC,WBC
WASHINGTON BANKING CO,WBCO
WEBMD HEALTH CORP,WBMD
WEBSTER FINANCIAL CORP,WBS
WEBSENSE INC,WBSN
WCA WASTE CORP,WCAA
WEST COAST BANCORP,WCBO
WESCO INTERNATIONAL INC,WCC
WELLCARE GROUP INC,WCG
WASTE CONNECTIONS INC,WCN
WARNER CHILCOTT PLC,WCRX
WALKER & DUNLOP INC,WD
WESTERN DIGITAL CORP,WDC
WD-40 CO,WDFC
WADDELL & REED FINANCIA,WDR
WESTAR ENERGY INC,WR
BERKLEY W R CORP,WRB
WARNACO GROUP INC,WRC
WASHINGTON REAL ESTATE,WRE
WARREN RESOURCES INC,WRES
WEINGARTEN RLTY INVS,WRI
WORLD ACCEPTANCE CORP,WRLD
WESBANCO INC,WSBC
WESCO FINANCIAL CORP,WSC
WSFS FINANCIAL CORP,WSFS
WILLIAMS SONOMA INC,WSM
WATSCO INC,WSO
WHITESTONE REIT,WSR
WEST PHARMACEUTICAL SVC,WST
WESTELL TECHNOLOGIES IN,WSTL
WEST BANCORPORATION INC,WTBA
WINTRUST FINANCIAL CORP,WTFC
W&T OFFSHORE INC,WTI
WHITE MTNS INS GROUP LT,WTM
AQUA AMERICA INC,WTR
WATTS WATER TECH INC,WTS
WET SEAL INC,WTSLA
WEIGHT WATCHERS INTL IN,WTW
WESTERN UNION CO,WU
WOODWARD INC,WWD
WORLD WRESTLING ENTMNT,WWE
WESTWOOD ONE INC,WWON
WOLVERINE WORLD WIDE,WWW
WEB.COM GROUP INC,WWWW
WRIGHT EXPRESS CORP,WXS
WEYERHAEUSER CO,WY
WYNDHAM WORLDWIDE CORP,WYN
WYNN RESORTS LTD,WYNN
UNITED STATES STEEL COR,X
EXCO RESOURCES INC,XCO
CIMAREX ENERGY CO,XEC
XCEL ENERGY INC,XEL
EXIDE TECHNOLOGIES,XIDE
XL GROUP PLC,XL
XILINX INC,XLNX
XENOPORT INC,XNPT
ZOGENIX INC,ZGNX
ZYGO CORP,ZIGO
HORSEHEAD HOLDING CORP,ZINC
ZIONS BANCORPORATION,ZION
ZIOPHARM ONCOLOGY INC,ZIOP
ZIPCAR INC,ZIP
ZIX CORP,ZIXI
ZALE CORP,ZLC
ZALICUS INC,ZLCS
ZIMMER HOLDINGS INC,ZMH
ZION OIL & GAS INC,ZN
ZOLL MEDICAL CORP,ZOLL
ZOLTEK COMPANIES INC,ZOLT
QUIKSILVER INC,ZQK
ZORAN CORP,ZRAN
ZUMIEZ INC,ZUMZ
SEALY CORP,ZZ
